insert into Gatunek (id, nazwa, dziennyKoszt, limitMiejsc)
values (1, 'Dog', 50.00, 120);
insert into Gatunek (id, nazwa, dziennyKoszt, limitMiejsc)
values (2, 'Cat', 30.00, 100);
insert into Gatunek (id, nazwa, dziennyKoszt, limitMiejsc)
values (3, 'Rabbit', 25.00, 90);
insert into Gatunek (id, nazwa, dziennyKoszt, limitMiejsc)
values (4, 'Hamster', 20.00, 80);
insert into Gatunek (id, nazwa, dziennyKoszt, limitMiejsc)
values (5, 'Parrot', 25.00, 85);
insert into Gatunek (id, nazwa, dziennyKoszt, limitMiejsc)
values (6, 'Guinea pig', 20.00, 80);


insert into StatusRezerwacji (id, nazwa)
values (1, 'Active');
insert into StatusRezerwacji (id, nazwa)
values (2, 'Completed');
insert into StatusRezerwacji (id, nazwa)
values (3, 'Cancelled');


insert into DodatkowaUsluga (id, nazwa, koszt, dziennyLimitMiejsc)
values (1, 'Groomer', 35, 55);
insert into DodatkowaUsluga (id, nazwa, koszt, dziennyLimitMiejsc)
values (2, 'Massage', 30, 55);
insert into DodatkowaUsluga (id, nazwa, koszt, dziennyLimitMiejsc)
values (3, 'Trainer', 40, 55);
insert into DodatkowaUsluga (id, nazwa, koszt, dziennyLimitMiejsc)
values (4, 'Bath', 45, 50);


insert into Pracownik (id, haslo)
values (1, 'Cbu45FyyJ7');
insert into Pracownik (id, haslo)
values (2, 'E1Gnic');
insert into Pracownik (id, haslo)
values (3, 'gMoU5C');
insert into Pracownik (id, haslo)
values (4, '1PeBmGFQk');
insert into Pracownik (id, haslo)
values (5, 'lN6vUZt96');
insert into Pracownik (id, haslo)
values (6, 'xLcB7p0TK');
insert into Pracownik (id, haslo)
values (7, '0lRrkyS');
insert into Pracownik (id, haslo)
values (8, '9vMzar');
insert into Pracownik (id, haslo)
values (9, 'Mr5Z5Nz0cQlw');
insert into Pracownik (id, haslo)
values (10, 'xWdvyNn');
insert into Pracownik (id, haslo)
values (11, 'uX064fVXu1z');
insert into Pracownik (id, haslo)
values (12, 'M5dFi4PiuAn');
insert into Pracownik (id, haslo)
values (13, 'oL10aaim');
insert into Pracownik (id, haslo)
values (14, 'eni1tB9JNG8c');
insert into Pracownik (id, haslo)
values (15, 'LYZrmS');
insert into Pracownik (id, haslo)
values (16, 'UQ72DzC4zID1');
insert into Pracownik (id, haslo)
values (17, 'As3vCpxSE');
insert into Pracownik (id, haslo)
values (18, '6DpoegB1');
insert into Pracownik (id, haslo)
values (19, 'vTcIBEcr');
insert into Pracownik (id, haslo)
values (20, 'C6sGCQaNMmC');
insert into Pracownik (id, haslo)
values (21, 'CbGlE5');
insert into Pracownik (id, haslo)
values (22, 'oLY7B8mrNMT');
insert into Pracownik (id, haslo)
values (23, 'oFJy6e');
insert into Pracownik (id, haslo)
values (24, 'FrEjsfQP');
insert into Pracownik (id, haslo)
values (25, 'UPPNrBGOhKn');
insert into Pracownik (id, haslo)
values (26, 'q8Nve9aYf');
insert into Pracownik (id, haslo)
values (27, 'RtyN0FQRrZBR');
insert into Pracownik (id, haslo)
values (28, 'rI5iZ3');
insert into Pracownik (id, haslo)
values (29, 'wa9vzcsde');
insert into Pracownik (id, haslo)
values (30, 'hPj4UCFE5');


insert into Klient (id, imie, nazwisko, email, numertelefonu, naleznosci)
values (1, 'Heida', 'Haggata', 'hhaggata0@wp.com', '5989426126', 0);
insert into Klient (id, imie, nazwisko, email, numertelefonu, naleznosci)
values (2, 'Hodge', 'Halden', 'hhalden1@meetup.com', '3599448311', 0);
insert into Klient (id, imie, nazwisko, email, numertelefonu, naleznosci)
values (3, 'Horst', 'Stonebridge', 'hstonebridge2@sbwire.com', '7462315995', 0);
insert into Klient (id, imie, nazwisko, email, numertelefonu, naleznosci)
values (4, 'Stavros', 'McAllaster', 'smcallaster3@latimes.com', '6175839116', 0);
insert into Klient (id, imie, nazwisko, email, numertelefonu, naleznosci)
values (5, 'Virgilio', 'Benbough', 'vbenbough4@freewebs.com', '7224075979', 0);
insert into Klient (id, imie, nazwisko, email, numertelefonu, naleznosci)
values (6, 'Fredric', 'Guerre', 'fguerre5@omniture.com', '9259962266', 0);
insert into Klient (id, imie, nazwisko, email, numertelefonu, naleznosci)
values (7, 'Erick', 'Sherry', 'esherry6@pcworld.com', '7282461699', 0);
insert into Klient (id, imie, nazwisko, email, numertelefonu, naleznosci)
values (8, 'Richy', 'Tulip', 'rtulip7@yelp.com', '4406305490', 0);
insert into Klient (id, imie, nazwisko, email, numertelefonu, naleznosci)
values (9, 'Aurilia', 'Milhench', 'amilhench8@fda.gov', '6602112694', 0);
insert into Klient (id, imie, nazwisko, email, numertelefonu, naleznosci)
values (10, 'Leonhard', 'Linzey', 'llinzey9@livejournal.com', '8687734459', 0);
insert into Klient (id, imie, nazwisko, email, numertelefonu, naleznosci)
values (11, 'Dalia', 'Scardafield', 'dscardafielda@whitehouse.gov', '1649321469', 0);
insert into Klient (id, imie, nazwisko, email, numertelefonu, naleznosci)
values (12, 'Brendan', 'Bracey', 'bbraceyb@oakley.com', '5622981924', 0);
insert into Klient (id, imie, nazwisko, email, numertelefonu, naleznosci)
values (13, 'Robbyn', 'Gilroy', 'rgilroyc@blogspot.com', '5899451384', 0);
insert into Klient (id, imie, nazwisko, email, numertelefonu, naleznosci)
values (14, 'Lona', 'Turfes', 'lturfesd@berkeley.edu', '3593753028', 0);
insert into Klient (id, imie, nazwisko, email, numertelefonu, naleznosci)
values (15, 'Aili', 'Pistol', 'apistole@marketwatch.com', '8983244630', 0);
insert into Klient (id, imie, nazwisko, email, numertelefonu, naleznosci)
values (16, 'Ailey', 'Churchward', 'achurchwardf@businesswire.com', '6995938192', 0);
insert into Klient (id, imie, nazwisko, email, numertelefonu, naleznosci)
values (17, 'Bobby', 'Piscotti', 'bpiscottig@ebay.com', '8969290983', 0);
insert into Klient (id, imie, nazwisko, email, numertelefonu, naleznosci)
values (18, 'Milton', 'Irons', 'mironsh@globo.com', '4132773986', 0);
insert into Klient (id, imie, nazwisko, email, numertelefonu, naleznosci)
values (19, 'Darryl', 'Kidston', 'dkidstoni@cyberchimps.com', '6358303776', 0);
insert into Klient (id, imie, nazwisko, email, numertelefonu, naleznosci)
values (20, 'Lauren', 'Scare', 'lscarej@unesco.org', '4381755891', 0);
insert into Klient (id, imie, nazwisko, email, numertelefonu, naleznosci)
values (21, 'Erny', 'Proom', 'eproomk@oakley.com', '3036082960', 0);
insert into Klient (id, imie, nazwisko, email, numertelefonu, naleznosci)
values (22, 'Rocky', 'Wroughton', 'rwroughtonl@dailymotion.com', '4843275066', 0);
insert into Klient (id, imie, nazwisko, email, numertelefonu, naleznosci)
values (23, 'Adrianna', 'Ellin', 'aellinm@newsvine.com', '4063668326', 0);
insert into Klient (id, imie, nazwisko, email, numertelefonu, naleznosci)
values (24, 'Meade', 'Klisch', 'mklischn@oracle.com', '2823086026', 0);
insert into Klient (id, imie, nazwisko, email, numertelefonu, naleznosci)
values (25, 'Dorey', 'Casaccio', 'dcasaccioo@cam.ac.uk', '3005969652', 0);
insert into Klient (id, imie, nazwisko, email, numertelefonu, naleznosci)
values (26, 'Doreen', 'Littlefield', 'dlittlefieldp@wp.com', '8884823375', 0);
insert into Klient (id, imie, nazwisko, email, numertelefonu, naleznosci)
values (27, 'Camala', 'Cartmail', 'ccartmailq@yandex.ru', '3486731996', 0);
insert into Klient (id, imie, nazwisko, email, numertelefonu, naleznosci)
values (28, 'Reginauld', 'Gadsden', 'rgadsdenr@mac.com', '1753310412', 0);
insert into Klient (id, imie, nazwisko, email, numertelefonu, naleznosci)
values (29, 'Sonny', 'Rudyard', 'srudyards@sogou.com', '6063265431', 0);
insert into Klient (id, imie, nazwisko, email, numertelefonu, naleznosci)
values (30, 'Ilka', 'Absolon', 'iabsolont@weather.com', '5102416768', 0);
insert into Klient (id, imie, nazwisko, email, numertelefonu, naleznosci)
values (31, 'Sorcha', 'Deporte', 'sdeporteu@ox.ac.uk', '7103803453', 0);
insert into Klient (id, imie, nazwisko, email, numertelefonu, naleznosci)
values (32, 'Alisander', 'McTerry', 'amcterryv@google.cn', '2053927713', 0);
insert into Klient (id, imie, nazwisko, email, numertelefonu, naleznosci)
values (33, 'Dianne', 'Hardiman', 'dhardimanw@yellowbook.com', '6551817282', 0);
insert into Klient (id, imie, nazwisko, email, numertelefonu, naleznosci)
values (34, 'Miles', 'Gude', 'mgudex@freewebs.com', '4802677643', 0);
insert into Klient (id, imie, nazwisko, email, numertelefonu, naleznosci)
values (35, 'Dennis', 'Beeby', 'dbeebyy@scribd.com', '5264879708', 0);
insert into Klient (id, imie, nazwisko, email, numertelefonu, naleznosci)
values (36, 'Dunn', 'Hofton', 'dhoftonz@bloglovin.com', '8382635175', 0);
insert into Klient (id, imie, nazwisko, email, numertelefonu, naleznosci)
values (37, 'Lavina', 'Pautard', 'lpautard10@usgs.gov', '1701518134', 0);
insert into Klient (id, imie, nazwisko, email, numertelefonu, naleznosci)
values (38, 'Codie', 'Ridout', 'cridout11@google.nl', '8175223443', 0);
insert into Klient (id, imie, nazwisko, email, numertelefonu, naleznosci)
values (39, 'Tiler', 'Elman', 'telman12@aboutads.info', '7313618288', 0);
insert into Klient (id, imie, nazwisko, email, numertelefonu, naleznosci)
values (40, 'Bret', 'Islep', 'bislep13@elpais.com', '6805214395', 0);
insert into Klient (id, imie, nazwisko, email, numertelefonu, naleznosci)
values (41, 'Opal', 'Greenroad', 'ogreenroad14@latimes.com', '1864268016', 0);
insert into Klient (id, imie, nazwisko, email, numertelefonu, naleznosci)
values (42, 'Anny', 'Olphert', 'aolphert15@infoseek.co.jp', '7635371506', 0);
insert into Klient (id, imie, nazwisko, email, numertelefonu, naleznosci)
values (43, 'Montgomery', 'Dyson', 'mdyson16@prweb.com', '2997550633', 0);
insert into Klient (id, imie, nazwisko, email, numertelefonu, naleznosci)
values (44, 'Onofredo', 'Hubatsch', 'ohubatsch17@arizona.edu', '2898653684', 0);
insert into Klient (id, imie, nazwisko, email, numertelefonu, naleznosci)
values (45, 'Wyndham', 'Astle', 'wastle18@booking.com', '2054663241', 0);
insert into Klient (id, imie, nazwisko, email, numertelefonu, naleznosci)
values (46, 'Gregorio', 'Broadfield', 'gbroadfield19@nsw.gov.au', '1545522412', 0);
insert into Klient (id, imie, nazwisko, email, numertelefonu, naleznosci)
values (47, 'Georgia', 'Gillford', 'ggillford1a@tripod.com', '9944347246', 0);
insert into Klient (id, imie, nazwisko, email, numertelefonu, naleznosci)
values (48, 'Irwin', 'Rawlin', 'irawlin1b@amazon.co.jp', '4978740742', 0);
insert into Klient (id, imie, nazwisko, email, numertelefonu, naleznosci)
values (49, 'Leonardo', 'Eddington', 'leddington1c@mac.com', '2905178729', 0);
insert into Klient (id, imie, nazwisko, email, numertelefonu, naleznosci)
values (50, 'Sarina', 'Badby', 'sbadby1d@twitpic.com', '1694571463', 0);
insert into Klient (id, imie, nazwisko, email, numertelefonu, naleznosci)
values (51, 'Cathy', 'Josephsen', 'cjosephsen1e@smugmug.com', '9685037727', 0);
insert into Klient (id, imie, nazwisko, email, numertelefonu, naleznosci)
values (52, 'Gwendolen', 'Wims', 'gwims1f@sogou.com', '5252213184', 0);
insert into Klient (id, imie, nazwisko, email, numertelefonu, naleznosci)
values (53, 'Berny', 'Coney', 'bconey1g@liveinternet.ru', '4618632205', 0);
insert into Klient (id, imie, nazwisko, email, numertelefonu, naleznosci)
values (54, 'Jere', 'Barosch', 'jbarosch1h@gravatar.com', '3912490884', 0);
insert into Klient (id, imie, nazwisko, email, numertelefonu, naleznosci)
values (55, 'Rosie', 'Hyam', 'rhyam1i@blogs.com', '9091125572', 0);
insert into Klient (id, imie, nazwisko, email, numertelefonu, naleznosci)
values (56, 'Audrye', 'Riach', 'ariach1j@vimeo.com', '4378337182', 0);
insert into Klient (id, imie, nazwisko, email, numertelefonu, naleznosci)
values (57, 'Abbott', 'Garling', 'agarling1k@illinois.edu', '5698235858', 0);
insert into Klient (id, imie, nazwisko, email, numertelefonu, naleznosci)
values (58, 'Danna', 'Roughan', 'droughan1l@twitpic.com', '9367696681', 0);
insert into Klient (id, imie, nazwisko, email, numertelefonu, naleznosci)
values (59, 'Erwin', 'Rodolf', 'erodolf1m@cisco.com', '5251393346', 0);
insert into Klient (id, imie, nazwisko, email, numertelefonu, naleznosci)
values (60, 'Nettie', 'Mundell', 'nmundell1n@house.gov', '4223528646', 0);
insert into Klient (id, imie, nazwisko, email, numertelefonu, naleznosci)
values (61, 'Obadias', 'Draye', 'odraye1o@netscape.com', '9851528517', 0);
insert into Klient (id, imie, nazwisko, email, numertelefonu, naleznosci)
values (62, 'Olivette', 'Bence', 'obence1p@wired.com', '1382469385', 0);
insert into Klient (id, imie, nazwisko, email, numertelefonu, naleznosci)
values (63, 'Donna', 'Boggis', 'dboggis1q@4shared.com', '8305072403', 0);
insert into Klient (id, imie, nazwisko, email, numertelefonu, naleznosci)
values (64, 'Judon', 'Davidzon', 'jdavidzon1r@webs.com', '5276079375', 0);
insert into Klient (id, imie, nazwisko, email, numertelefonu, naleznosci)
values (65, 'Seka', 'Sprey', 'ssprey1s@taobao.com', '6847192112', 0);
insert into Klient (id, imie, nazwisko, email, numertelefonu, naleznosci)
values (66, 'Ruggiero', 'Plait', 'rplait1t@telegraph.co.uk', '7756633810', 0);
insert into Klient (id, imie, nazwisko, email, numertelefonu, naleznosci)
values (67, 'Obediah', 'Yellowlea', 'oyellowlea1u@hubpages.com', '7558675532', 0);
insert into Klient (id, imie, nazwisko, email, numertelefonu, naleznosci)
values (68, 'Joelly', 'Garoghan', 'jgaroghan1v@facebook.com', '6963166619', 0);
insert into Klient (id, imie, nazwisko, email, numertelefonu, naleznosci)
values (69, 'Ingrid', 'Sprigg', 'isprigg1w@yelp.com', '2225471806', 0);
insert into Klient (id, imie, nazwisko, email, numertelefonu, naleznosci)
values (70, 'Gray', 'O''Flaherty', 'goflaherty1x@ovh.net', '6575855756', 0);
insert into Klient (id, imie, nazwisko, email, numertelefonu, naleznosci)
values (71, 'Ellen', 'Meffen', 'emeffen1y@google.ru', '5315073069', 0);
insert into Klient (id, imie, nazwisko, email, numertelefonu, naleznosci)
values (72, 'Lorine', 'Staries', 'lstaries1z@statcounter.com', '1656928050', 0);
insert into Klient (id, imie, nazwisko, email, numertelefonu, naleznosci)
values (73, 'Hamilton', 'Ventris', 'hventris20@twitpic.com', '8375385486', 0);
insert into Klient (id, imie, nazwisko, email, numertelefonu, naleznosci)
values (74, 'Pearce', 'Hollows', 'phollows21@virginia.edu', '8317599120', 0);
insert into Klient (id, imie, nazwisko, email, numertelefonu, naleznosci)
values (75, 'Rene', 'Echalie', 'rechalie22@cam.ac.uk', '3397056573', 0);
insert into Klient (id, imie, nazwisko, email, numertelefonu, naleznosci)
values (76, 'Lockwood', 'Hambric', 'lhambric23@reddit.com', '5286399372', 0);
insert into Klient (id, imie, nazwisko, email, numertelefonu, naleznosci)
values (77, 'Jon', 'Nevin', 'jnevin24@exblog.jp', '9379302620', 0);
insert into Klient (id, imie, nazwisko, email, numertelefonu, naleznosci)
values (78, 'Darby', 'Nangle', 'dnangle25@icq.com', '6352618734', 0);
insert into Klient (id, imie, nazwisko, email, numertelefonu, naleznosci)
values (79, 'Dayna', 'Scowcraft', 'dscowcraft26@freewebs.com', '8495934867', 0);
insert into Klient (id, imie, nazwisko, email, numertelefonu, naleznosci)
values (80, 'Ronnie', 'Zavittieri', 'rzavittieri27@friendfeed.com', '9536430774', 0);
insert into Klient (id, imie, nazwisko, email, numertelefonu, naleznosci)
values (81, 'Kane', 'Hankin', 'khankin28@friendfeed.com', '1338425482', 0);
insert into Klient (id, imie, nazwisko, email, numertelefonu, naleznosci)
values (82, 'Barth', 'Fiddy', 'bfiddy29@rakuten.co.jp', '1292637495', 0);
insert into Klient (id, imie, nazwisko, email, numertelefonu, naleznosci)
values (83, 'Molli', 'Cecil', 'mcecil2a@google.ca', '7255888383', 0);
insert into Klient (id, imie, nazwisko, email, numertelefonu, naleznosci)
values (84, 'Leslie', 'Towle', 'ltowle2b@google.nl', '2076994283', 0);
insert into Klient (id, imie, nazwisko, email, numertelefonu, naleznosci)
values (85, 'Stevena', 'Erlam', 'serlam2c@indiatimes.com', '5426087039', 0);
insert into Klient (id, imie, nazwisko, email, numertelefonu, naleznosci)
values (86, 'Marty', 'MacMorland', 'mmacmorland2d@printfriendly.com', '5138161430', 0);
insert into Klient (id, imie, nazwisko, email, numertelefonu, naleznosci)
values (87, 'Thurston', 'Jinda', 'tjinda2e@gizmodo.com', '9869186183', 0);
insert into Klient (id, imie, nazwisko, email, numertelefonu, naleznosci)
values (88, 'Meggie', 'Olexa', 'molexa2f@cpanel.net', '2584478690', 0);
insert into Klient (id, imie, nazwisko, email, numertelefonu, naleznosci)
values (89, 'Angelica', 'Camps', 'acamps2g@senate.gov', '1906052192', 0);
insert into Klient (id, imie, nazwisko, email, numertelefonu, naleznosci)
values (90, 'Benedicto', 'Clymer', 'bclymer2h@zdnet.com', '8371833058', 0);
insert into Klient (id, imie, nazwisko, email, numertelefonu, naleznosci)
values (91, 'Maribeth', 'Bushell', 'mbushell2i@bloomberg.com', '3437102659', 0);
insert into Klient (id, imie, nazwisko, email, numertelefonu, naleznosci)
values (92, 'Brenden', 'Gjerde', 'bgjerde2j@sun.com', '6919489238', 0);
insert into Klient (id, imie, nazwisko, email, numertelefonu, naleznosci)
values (93, 'Elmore', 'Tranter', 'etranter2k@marriott.com', '3036609740', 0);
insert into Klient (id, imie, nazwisko, email, numertelefonu, naleznosci)
values (94, 'Ethyl', 'Gatherell', 'egatherell2l@time.com', '4101799050', 0);
insert into Klient (id, imie, nazwisko, email, numertelefonu, naleznosci)
values (95, 'Eleanore', 'Fere', 'efere2m@techcrunch.com', '1545334601', 0);
insert into Klient (id, imie, nazwisko, email, numertelefonu, naleznosci)
values (96, 'Kelli', 'Darker', 'kdarker2n@youtube.com', '4681053769', 0);
insert into Klient (id, imie, nazwisko, email, numertelefonu, naleznosci)
values (97, 'Jocko', 'Fosberry', 'jfosberry2o@vimeo.com', '3816120012', 0);
insert into Klient (id, imie, nazwisko, email, numertelefonu, naleznosci)
values (98, 'Genevra', 'Bristo', 'gbristo2p@skype.com', '9291700762', 0);
insert into Klient (id, imie, nazwisko, email, numertelefonu, naleznosci)
values (99, 'Gael', 'Dukes', 'gdukes2q@mysql.com', '1052844611', 0);
insert into Klient (id, imie, nazwisko, email, numertelefonu, naleznosci)
values (100, 'Laurie', 'Crews', 'lcrews2r@boston.com', '3143071725', 0);
insert into Klient (id, imie, nazwisko, email, numertelefonu, naleznosci)
values (101, 'Marika', 'Gravestone', 'mgravestone2s@yolasite.com', '3201945410', 0);
insert into Klient (id, imie, nazwisko, email, numertelefonu, naleznosci)
values (102, 'Ximenes', 'Howerd', 'xhowerd2t@omniture.com', '7768111684', 0);
insert into Klient (id, imie, nazwisko, email, numertelefonu, naleznosci)
values (103, 'Maxy', 'Upton', 'mupton2u@free.fr', '3638415760', 0);
insert into Klient (id, imie, nazwisko, email, numertelefonu, naleznosci)
values (104, 'Mic', 'Lecky', 'mlecky2v@nytimes.com', '3308306331', 0);
insert into Klient (id, imie, nazwisko, email, numertelefonu, naleznosci)
values (105, 'Elisabetta', 'Baggett', 'ebaggett2w@cnet.com', '1411271236', 0);
insert into Klient (id, imie, nazwisko, email, numertelefonu, naleznosci)
values (106, 'Zelig', 'Torbard', 'ztorbard2x@seesaa.net', '2987067943', 0);
insert into Klient (id, imie, nazwisko, email, numertelefonu, naleznosci)
values (107, 'Manda', 'Kopmann', 'mkopmann2y@auda.org.au', '7307618632', 0);
insert into Klient (id, imie, nazwisko, email, numertelefonu, naleznosci)
values (108, 'Mervin', 'Hissie', 'mhissie2z@stumbleupon.com', '9253181683', 0);
insert into Klient (id, imie, nazwisko, email, numertelefonu, naleznosci)
values (109, 'Cristionna', 'Bignall', 'cbignall30@berkeley.edu', '1092335781', 0);
insert into Klient (id, imie, nazwisko, email, numertelefonu, naleznosci)
values (110, 'Wynnie', 'Kingswood', 'wkingswood31@oracle.com', '7967529391', 0);
insert into Klient (id, imie, nazwisko, email, numertelefonu, naleznosci)
values (111, 'Howey', 'Bednall', 'hbednall32@a8.net', '4026823876', 0);
insert into Klient (id, imie, nazwisko, email, numertelefonu, naleznosci)
values (112, 'Lenee', 'Burwell', 'lburwell33@nymag.com', '8307709520', 0);
insert into Klient (id, imie, nazwisko, email, numertelefonu, naleznosci)
values (113, 'Reggie', 'Callender', 'rcallender34@ihg.com', '7322219936', 0);
insert into Klient (id, imie, nazwisko, email, numertelefonu, naleznosci)
values (114, 'Tracey', 'Poff', 'tpoff35@wordpress.org', '8579392048', 0);
insert into Klient (id, imie, nazwisko, email, numertelefonu, naleznosci)
values (115, 'Lovell', 'Dadge', 'ldadge36@abc.net.au', '2627379170', 0);
insert into Klient (id, imie, nazwisko, email, numertelefonu, naleznosci)
values (116, 'Ardeen', 'Geratasch', 'ageratasch37@wsj.com', '6616314575', 0);
insert into Klient (id, imie, nazwisko, email, numertelefonu, naleznosci)
values (117, 'Frank', 'Patshull', 'fpatshull38@acquirethisname.com', '1894033738', 0);
insert into Klient (id, imie, nazwisko, email, numertelefonu, naleznosci)
values (118, 'Tawnya', 'Berthelet', 'tberthelet39@cdbaby.com', '6573670528', 0);
insert into Klient (id, imie, nazwisko, email, numertelefonu, naleznosci)
values (119, 'Padraig', 'Leslie', 'pleslie3a@blog.com', '4144050591', 0);
insert into Klient (id, imie, nazwisko, email, numertelefonu, naleznosci)
values (120, 'Catlaina', 'Griggs', 'cgriggs3b@sun.com', '9921904335', 0);
insert into Klient (id, imie, nazwisko, email, numertelefonu, naleznosci)
values (121, 'Nicole', 'Pell', 'npell3c@amazonaws.com', '2992047706', 0);
insert into Klient (id, imie, nazwisko, email, numertelefonu, naleznosci)
values (122, 'Cliff', 'Riccetti', 'criccetti3d@google.ru', '8116536120', 0);
insert into Klient (id, imie, nazwisko, email, numertelefonu, naleznosci)
values (123, 'Dayle', 'McIlraith', 'dmcilraith3e@rambler.ru', '7125532385', 0);
insert into Klient (id, imie, nazwisko, email, numertelefonu, naleznosci)
values (124, 'Bruno', 'Pickworth', 'bpickworth3f@ning.com', '3623505611', 0);
insert into Klient (id, imie, nazwisko, email, numertelefonu, naleznosci)
values (125, 'Chrisy', 'Gomersall', 'cgomersall3g@vimeo.com', '3526405053', 0);
insert into Klient (id, imie, nazwisko, email, numertelefonu, naleznosci)
values (126, 'Courtnay', 'O''Scanlon', 'coscanlon3h@abc.net.au', '9475398468', 0);
insert into Klient (id, imie, nazwisko, email, numertelefonu, naleznosci)
values (127, 'Seymour', 'Valasek', 'svalasek3i@yahoo.com', '3846487677', 0);
insert into Klient (id, imie, nazwisko, email, numertelefonu, naleznosci)
values (128, 'Suellen', 'Vercruysse', 'svercruysse3j@usa.gov', '4075653463', 0);
insert into Klient (id, imie, nazwisko, email, numertelefonu, naleznosci)
values (129, 'Chryste', 'Joisce', 'cjoisce3k@xing.com', '3997495212', 0);
insert into Klient (id, imie, nazwisko, email, numertelefonu, naleznosci)
values (130, 'Husein', 'Tiffany', 'htiffany3l@paginegialle.it', '9442178753', 0);
insert into Klient (id, imie, nazwisko, email, numertelefonu, naleznosci)
values (131, 'Dorotea', 'Suller', 'dsuller3m@hao123.com', '7094058996', 0);
insert into Klient (id, imie, nazwisko, email, numertelefonu, naleznosci)
values (132, 'Madelina', 'Renny', 'mrenny3n@loc.gov', '3825001327', 0);
insert into Klient (id, imie, nazwisko, email, numertelefonu, naleznosci)
values (133, 'Tobey', 'Reven', 'treven3o@cbc.ca', '5613794130', 0);
insert into Klient (id, imie, nazwisko, email, numertelefonu, naleznosci)
values (134, 'Sinclare', 'Folliott', 'sfolliott3p@cisco.com', '5869287782', 0);
insert into Klient (id, imie, nazwisko, email, numertelefonu, naleznosci)
values (135, 'Niel', 'Labone', 'nlabone3q@bing.com', '9097755193', 0);
insert into Klient (id, imie, nazwisko, email, numertelefonu, naleznosci)
values (136, 'Peder', 'Hovel', 'phovel3r@nytimes.com', '3666893865', 0);
insert into Klient (id, imie, nazwisko, email, numertelefonu, naleznosci)
values (137, 'Claudina', 'Iredale', 'ciredale3s@mapy.cz', '8549780479', 0);
insert into Klient (id, imie, nazwisko, email, numertelefonu, naleznosci)
values (138, 'Avrom', 'Fettis', 'afettis3t@house.gov', '9868736931', 0);
insert into Klient (id, imie, nazwisko, email, numertelefonu, naleznosci)
values (139, 'Jamill', 'Waddup', 'jwaddup3u@xing.com', '7779803692', 0);
insert into Klient (id, imie, nazwisko, email, numertelefonu, naleznosci)
values (140, 'Jeremie', 'Mackison', 'jmackison3v@histats.com', '4414851616', 0);
insert into Klient (id, imie, nazwisko, email, numertelefonu, naleznosci)
values (141, 'Terence', 'Aizikovitz', 'taizikovitz3w@ow.ly', '7269240709', 0);
insert into Klient (id, imie, nazwisko, email, numertelefonu, naleznosci)
values (142, 'Hobie', 'Farris', 'hfarris3x@constantcontact.com', '7596471195', 0);
insert into Klient (id, imie, nazwisko, email, numertelefonu, naleznosci)
values (143, 'Lucinda', 'Gero', 'lgero3y@abc.net.au', '2746042416', 0);
insert into Klient (id, imie, nazwisko, email, numertelefonu, naleznosci)
values (144, 'Lara', 'Baignard', 'lbaignard3z@etsy.com', '3391303701', 0);
insert into Klient (id, imie, nazwisko, email, numertelefonu, naleznosci)
values (145, 'Wilek', 'Cadle', 'wcadle40@over-blog.com', '4423035299', 0);
insert into Klient (id, imie, nazwisko, email, numertelefonu, naleznosci)
values (146, 'Maury', 'McMylor', 'mmcmylor41@google.es', '6369795860', 0);
insert into Klient (id, imie, nazwisko, email, numertelefonu, naleznosci)
values (147, 'Bert', 'O''Leagham', 'boleagham42@weibo.com', '2185815444', 0);
insert into Klient (id, imie, nazwisko, email, numertelefonu, naleznosci)
values (148, 'Simonne', 'Pietrowicz', 'spietrowicz43@4shared.com', '7087817926', 0);
insert into Klient (id, imie, nazwisko, email, numertelefonu, naleznosci)
values (149, 'Morna', 'Garnsworthy', 'mgarnsworthy44@xrea.com', '9181565451', 0);
insert into Klient (id, imie, nazwisko, email, numertelefonu, naleznosci)
values (150, 'Bernhard', 'Christene', 'bchristene45@narod.ru', '3809839676', 0);
insert into Klient (id, imie, nazwisko, email, numertelefonu, naleznosci)
values (151, 'Sonnie', 'Petrushkevich', 'spetrushkevich46@ning.com', '9551041510', 0);
insert into Klient (id, imie, nazwisko, email, numertelefonu, naleznosci)
values (152, 'Augusto', 'Mc Combe', 'amccombe47@exblog.jp', '5394293446', 0);
insert into Klient (id, imie, nazwisko, email, numertelefonu, naleznosci)
values (153, 'Noella', 'Jezard', 'njezard48@chronoengine.com', '6542799813', 0);
insert into Klient (id, imie, nazwisko, email, numertelefonu, naleznosci)
values (154, 'Evonne', 'Ginnety', 'eginnety49@so-net.ne.jp', '8919762176', 0);
insert into Klient (id, imie, nazwisko, email, numertelefonu, naleznosci)
values (155, 'Anjela', 'Andrich', 'aandrich4a@admin.ch', '3763008738', 0);
insert into Klient (id, imie, nazwisko, email, numertelefonu, naleznosci)
values (156, 'Ermina', 'Tarbard', 'etarbard4b@europa.eu', '8698958987', 0);
insert into Klient (id, imie, nazwisko, email, numertelefonu, naleznosci)
values (157, 'Rhys', 'Casarini', 'rcasarini4c@mozilla.org', '3573119457', 0);
insert into Klient (id, imie, nazwisko, email, numertelefonu, naleznosci)
values (158, 'Saraann', 'Portt', 'sportt4d@gizmodo.com', '3464719647', 0);
insert into Klient (id, imie, nazwisko, email, numertelefonu, naleznosci)
values (159, 'Randy', 'Gillott', 'rgillott4e@xing.com', '8789701984', 0);
insert into Klient (id, imie, nazwisko, email, numertelefonu, naleznosci)
values (160, 'Rudolf', 'Garstang', 'rgarstang4f@amazonaws.com', '9032866171', 0);
insert into Klient (id, imie, nazwisko, email, numertelefonu, naleznosci)
values (161, 'Trent', 'Kemmett', 'tkemmett4g@nasa.gov', '7058211631', 0);
insert into Klient (id, imie, nazwisko, email, numertelefonu, naleznosci)
values (162, 'Karlotta', 'Pinckney', 'kpinckney4h@seesaa.net', '4872294603', 0);
insert into Klient (id, imie, nazwisko, email, numertelefonu, naleznosci)
values (163, 'Trstram', 'Dwire', 'tdwire4i@fotki.com', '1355894759', 0);
insert into Klient (id, imie, nazwisko, email, numertelefonu, naleznosci)
values (164, 'Colline', 'McMurtyr', 'cmcmurtyr4j@ameblo.jp', '1696604233', 0);
insert into Klient (id, imie, nazwisko, email, numertelefonu, naleznosci)
values (165, 'Jarvis', 'Iowarch', 'jiowarch4k@google.pl', '2418243421', 0);
insert into Klient (id, imie, nazwisko, email, numertelefonu, naleznosci)
values (166, 'Ferguson', 'Raye', 'fraye4l@goo.ne.jp', '1687925030', 0);
insert into Klient (id, imie, nazwisko, email, numertelefonu, naleznosci)
values (167, 'Janeczka', 'Caris', 'jcaris4m@go.com', '4753414774', 0);
insert into Klient (id, imie, nazwisko, email, numertelefonu, naleznosci)
values (168, 'Caleb', 'Dermot', 'cdermot4n@posterous.com', '8993742107', 0);
insert into Klient (id, imie, nazwisko, email, numertelefonu, naleznosci)
values (169, 'Eal', 'Werndly', 'ewerndly4o@typepad.com', '4997898049', 0);
insert into Klient (id, imie, nazwisko, email, numertelefonu, naleznosci)
values (170, 'Jose', 'Dunican', 'jdunican4p@wikipedia.org', '4382652632', 0);
insert into Klient (id, imie, nazwisko, email, numertelefonu, naleznosci)
values (171, 'Orrin', 'Maydway', 'omaydway4q@google.it', '5133612293', 0);
insert into Klient (id, imie, nazwisko, email, numertelefonu, naleznosci)
values (172, 'Wake', 'Colleford', 'wcolleford4r@163.com', '5668601364', 0);
insert into Klient (id, imie, nazwisko, email, numertelefonu, naleznosci)
values (173, 'Vida', 'Fairney', 'vfairney4s@hatena.ne.jp', '7494725353', 0);
insert into Klient (id, imie, nazwisko, email, numertelefonu, naleznosci)
values (174, 'Mercedes', 'Slowgrave', 'mslowgrave4t@desdev.cn', '1999332679', 0);
insert into Klient (id, imie, nazwisko, email, numertelefonu, naleznosci)
values (175, 'Leonie', 'Whittingham', 'lwhittingham4u@tripadvisor.com', '5092337772', 0);
insert into Klient (id, imie, nazwisko, email, numertelefonu, naleznosci)
values (176, 'Madalena', 'de Mullett', 'mdemullett4v@buzzfeed.com', '9891688315', 0);
insert into Klient (id, imie, nazwisko, email, numertelefonu, naleznosci)
values (177, 'El', 'Warkup', 'ewarkup4w@google.com.br', '8887783642', 0);
insert into Klient (id, imie, nazwisko, email, numertelefonu, naleznosci)
values (178, 'Pebrook', 'Suscens', 'psuscens4x@netscape.com', '7063961129', 0);
insert into Klient (id, imie, nazwisko, email, numertelefonu, naleznosci)
values (179, 'Dawna', 'Wooding', 'dwooding4y@usnews.com', '8191902493', 0);
insert into Klient (id, imie, nazwisko, email, numertelefonu, naleznosci)
values (180, 'Emera', 'Eric', 'eeric4z@blogger.com', '5918742179', 0);
insert into Klient (id, imie, nazwisko, email, numertelefonu, naleznosci)
values (181, 'Fan', 'Runsey', 'frunsey50@google.com', '8496056481', 0);
insert into Klient (id, imie, nazwisko, email, numertelefonu, naleznosci)
values (182, 'Hailey', 'Genner', 'hgenner51@paypal.com', '6233461090', 0);
insert into Klient (id, imie, nazwisko, email, numertelefonu, naleznosci)
values (183, 'Codie', 'Mushrow', 'cmushrow52@blogger.com', '9257716316', 0);
insert into Klient (id, imie, nazwisko, email, numertelefonu, naleznosci)
values (184, 'Lilly', 'Wakelam', 'lwakelam53@simplemachines.org', '8306023201', 0);
insert into Klient (id, imie, nazwisko, email, numertelefonu, naleznosci)
values (185, 'Eunice', 'Puddephatt', 'epuddephatt54@elegantthemes.com', '8015147464', 0);
insert into Klient (id, imie, nazwisko, email, numertelefonu, naleznosci)
values (186, 'Val', 'Jeffress', 'vjeffress55@oaic.gov.au', '7972070155', 0);
insert into Klient (id, imie, nazwisko, email, numertelefonu, naleznosci)
values (187, 'Rancell', 'Royans', 'rroyans56@scribd.com', '9157128825', 0);
insert into Klient (id, imie, nazwisko, email, numertelefonu, naleznosci)
values (188, 'Marv', 'Mingardi', 'mmingardi57@ycombinator.com', '3302299120', 0);
insert into Klient (id, imie, nazwisko, email, numertelefonu, naleznosci)
values (189, 'Tracie', 'Stutte', 'tstutte58@paginegialle.it', '4919453482', 0);
insert into Klient (id, imie, nazwisko, email, numertelefonu, naleznosci)
values (190, 'Klaus', 'Roomes', 'kroomes59@etsy.com', '1828025981', 0);
insert into Klient (id, imie, nazwisko, email, numertelefonu, naleznosci)
values (191, 'Boris', 'Klisch', 'bklisch5a@usatoday.com', '7271421870', 0);
insert into Klient (id, imie, nazwisko, email, numertelefonu, naleznosci)
values (192, 'Florette', 'Itzakson', 'fitzakson5b@usatoday.com', '8281814781', 0);
insert into Klient (id, imie, nazwisko, email, numertelefonu, naleznosci)
values (193, 'Wendie', 'Clineck', 'wclineck5c@alibaba.com', '1034970679', 0);
insert into Klient (id, imie, nazwisko, email, numertelefonu, naleznosci)
values (194, 'Maurice', 'Goodlad', 'mgoodlad5d@amazon.co.uk', '7289760306', 0);
insert into Klient (id, imie, nazwisko, email, numertelefonu, naleznosci)
values (195, 'Arturo', 'Gantley', 'agantley5e@theglobeandmail.com', '9321706896', 0);
insert into Klient (id, imie, nazwisko, email, numertelefonu, naleznosci)
values (196, 'Shawnee', 'Forsdicke', 'sforsdicke5f@oakley.com', '5299015817', 0);
insert into Klient (id, imie, nazwisko, email, numertelefonu, naleznosci)
values (197, 'Jayne', 'Cockram', 'jcockram5g@theatlantic.com', '2821029112', 0);
insert into Klient (id, imie, nazwisko, email, numertelefonu, naleznosci)
values (198, 'Mitzi', 'Pitkins', 'mpitkins5h@ftc.gov', '9376584192', 0);
insert into Klient (id, imie, nazwisko, email, numertelefonu, naleznosci)
values (199, 'Nathanial', 'Hanford', 'nhanford5i@de.vu', '7781464205', 0);
insert into Klient (id, imie, nazwisko, email, numertelefonu, naleznosci)
values (200, 'Tomaso', 'Collie', 'tcollie5j@scientificamerican.com', '8967427571', 0);
insert into Klient (id, imie, nazwisko, email, numertelefonu, naleznosci)
values (201, 'Etienne', 'Vizard', 'evizard5k@squarespace.com', '9877042731', 0);
insert into Klient (id, imie, nazwisko, email, numertelefonu, naleznosci)
values (202, 'Nil', 'Bluck', 'nbluck5l@w3.org', '7887031335', 0);
insert into Klient (id, imie, nazwisko, email, numertelefonu, naleznosci)
values (203, 'Vincenz', 'Bottinelli', 'vbottinelli5m@seattletimes.com', '4218267382', 0);
insert into Klient (id, imie, nazwisko, email, numertelefonu, naleznosci)
values (204, 'Annabelle', 'Bagnall', 'abagnall5n@mozilla.org', '8546116088', 0);
insert into Klient (id, imie, nazwisko, email, numertelefonu, naleznosci)
values (205, 'Cookie', 'Oehm', 'coehm5o@walmart.com', '3105097537', 0);
insert into Klient (id, imie, nazwisko, email, numertelefonu, naleznosci)
values (206, 'Florian', 'Gilmore', 'fgilmore5p@globo.com', '4797354579', 0);
insert into Klient (id, imie, nazwisko, email, numertelefonu, naleznosci)
values (207, 'Gayler', 'Ference', 'gference5q@reuters.com', '2216826045', 0);
insert into Klient (id, imie, nazwisko, email, numertelefonu, naleznosci)
values (208, 'Chickie', 'Vel', 'cvel5r@themeforest.net', '8641342507', 0);
insert into Klient (id, imie, nazwisko, email, numertelefonu, naleznosci)
values (209, 'Dorrie', 'de Wilde', 'ddewilde5s@blogspot.com', '2978047104', 0);
insert into Klient (id, imie, nazwisko, email, numertelefonu, naleznosci)
values (210, 'Giordano', 'Adrian', 'gadrian5t@i2i.jp', '4177775187', 0);
insert into Klient (id, imie, nazwisko, email, numertelefonu, naleznosci)
values (211, 'Abbe', 'Ambrogiotti', 'aambrogiotti5u@mozilla.com', '7973813805', 0);
insert into Klient (id, imie, nazwisko, email, numertelefonu, naleznosci)
values (212, 'Milt', 'Handrok', 'mhandrok5v@last.fm', '3342895721', 0);
insert into Klient (id, imie, nazwisko, email, numertelefonu, naleznosci)
values (213, 'Alanson', 'Stoneman', 'astoneman5w@sfgate.com', '5381890164', 0);
insert into Klient (id, imie, nazwisko, email, numertelefonu, naleznosci)
values (214, 'Rudd', 'Salaman', 'rsalaman5x@netscape.com', '1826386137', 0);
insert into Klient (id, imie, nazwisko, email, numertelefonu, naleznosci)
values (215, 'Rick', 'Carleton', 'rcarleton5y@ocn.ne.jp', '2449385033', 0);
insert into Klient (id, imie, nazwisko, email, numertelefonu, naleznosci)
values (216, 'Aylmer', 'Ruthven', 'aruthven5z@squidoo.com', '1161777507', 0);
insert into Klient (id, imie, nazwisko, email, numertelefonu, naleznosci)
values (217, 'Brucie', 'Causer', 'bcauser60@booking.com', '6762739207', 0);
insert into Klient (id, imie, nazwisko, email, numertelefonu, naleznosci)
values (218, 'Jessica', 'Grover', 'jgrover61@craigslist.org', '4741541061', 0);
insert into Klient (id, imie, nazwisko, email, numertelefonu, naleznosci)
values (219, 'Diena', 'Cunniff', 'dcunniff62@chicagotribune.com', '5221800756', 0);
insert into Klient (id, imie, nazwisko, email, numertelefonu, naleznosci)
values (220, 'La verne', 'Hayles', 'lhayles63@squarespace.com', '2831815605', 0);
insert into Klient (id, imie, nazwisko, email, numertelefonu, naleznosci)
values (221, 'Anastassia', 'Pollendine', 'apollendine64@t-online.de', '4121295434', 0);
insert into Klient (id, imie, nazwisko, email, numertelefonu, naleznosci)
values (222, 'Mariel', 'Toombs', 'mtoombs65@prlog.org', '3282382436', 0);
insert into Klient (id, imie, nazwisko, email, numertelefonu, naleznosci)
values (223, 'Jamie', 'Vanichkin', 'jvanichkin66@hp.com', '7101089815', 0);
insert into Klient (id, imie, nazwisko, email, numertelefonu, naleznosci)
values (224, 'Miller', 'Bamford', 'mbamford67@chronoengine.com', '8785824306', 0);
insert into Klient (id, imie, nazwisko, email, numertelefonu, naleznosci)
values (225, 'Gerry', 'Wardhaugh', 'gwardhaugh68@yolasite.com', '9881665355', 0);
insert into Klient (id, imie, nazwisko, email, numertelefonu, naleznosci)
values (226, 'Marlane', 'Sebastian', 'msebastian69@army.mil', '9848784775', 0);
insert into Klient (id, imie, nazwisko, email, numertelefonu, naleznosci)
values (227, 'Vasilis', 'Altamirano', 'valtamirano6a@umn.edu', '9883991697', 0);
insert into Klient (id, imie, nazwisko, email, numertelefonu, naleznosci)
values (228, 'Denver', 'Ninnotti', 'dninnotti6b@oaic.gov.au', '2059063220', 0);
insert into Klient (id, imie, nazwisko, email, numertelefonu, naleznosci)
values (229, 'Linc', 'Mugford', 'lmugford6c@google.com', '9024274773', 0);
insert into Klient (id, imie, nazwisko, email, numertelefonu, naleznosci)
values (230, 'Erina', 'Dellenbrook', 'edellenbrook6d@51.la', '3292582176', 0);
insert into Klient (id, imie, nazwisko, email, numertelefonu, naleznosci)
values (231, 'Georgia', 'Fetter', 'gfetter6e@ifeng.com', '6507089862', 0);
insert into Klient (id, imie, nazwisko, email, numertelefonu, naleznosci)
values (232, 'Joyce', 'Gorce', 'jgorce6f@networksolutions.com', '1909741229', 0);
insert into Klient (id, imie, nazwisko, email, numertelefonu, naleznosci)
values (233, 'Boycey', 'Jelly', 'bjelly6g@blogtalkradio.com', '4899454267', 0);
insert into Klient (id, imie, nazwisko, email, numertelefonu, naleznosci)
values (234, 'Gilda', 'Lagneaux', 'glagneaux6h@biglobe.ne.jp', '2351708061', 0);
insert into Klient (id, imie, nazwisko, email, numertelefonu, naleznosci)
values (235, 'Traci', 'Daintith', 'tdaintith6i@engadget.com', '9341404720', 0);
insert into Klient (id, imie, nazwisko, email, numertelefonu, naleznosci)
values (236, 'Allx', 'Hoonahan', 'ahoonahan6j@de.vu', '7539361269', 0);
insert into Klient (id, imie, nazwisko, email, numertelefonu, naleznosci)
values (237, 'Emmeline', 'Goffe', 'egoffe6k@oakley.com', '9967457646', 0);
insert into Klient (id, imie, nazwisko, email, numertelefonu, naleznosci)
values (238, 'Nita', 'Burnyeat', 'nburnyeat6l@nih.gov', '1557487396', 0);
insert into Klient (id, imie, nazwisko, email, numertelefonu, naleznosci)
values (239, 'Lettie', 'Hebblewaite', 'lhebblewaite6m@squarespace.com', '2579144498', 0);
insert into Klient (id, imie, nazwisko, email, numertelefonu, naleznosci)
values (240, 'Yvonne', 'Redihalgh', 'yredihalgh6n@comsenz.com', '3487667866', 0);
insert into Klient (id, imie, nazwisko, email, numertelefonu, naleznosci)
values (241, 'Myrtle', 'Ethington', 'methington6o@is.gd', '9003064745', 0);
insert into Klient (id, imie, nazwisko, email, numertelefonu, naleznosci)
values (242, 'Chev', 'Gentner', 'cgentner6p@scientificamerican.com', '3334276651', 0);
insert into Klient (id, imie, nazwisko, email, numertelefonu, naleznosci)
values (243, 'Lilla', 'Tassel', 'ltassel6q@pbs.org', '3907010941', 0);
insert into Klient (id, imie, nazwisko, email, numertelefonu, naleznosci)
values (244, 'Francisca', 'Mattei', 'fmattei6r@xing.com', '4936989145', 0);
insert into Klient (id, imie, nazwisko, email, numertelefonu, naleznosci)
values (245, 'Loni', 'Fowell', 'lfowell6s@tmall.com', '4792512297', 0);
insert into Klient (id, imie, nazwisko, email, numertelefonu, naleznosci)
values (246, 'Tabatha', 'Crim', 'tcrim6t@tiny.cc', '5307427197', 0);
insert into Klient (id, imie, nazwisko, email, numertelefonu, naleznosci)
values (247, 'Norman', 'Robel', 'nrobel6u@desdev.cn', '7377121410', 0);
insert into Klient (id, imie, nazwisko, email, numertelefonu, naleznosci)
values (248, 'Nikolaus', 'Hazelton', 'nhazelton6v@psu.edu', '7133275748', 0);
insert into Klient (id, imie, nazwisko, email, numertelefonu, naleznosci)
values (249, 'Anya', 'Wantling', 'awantling6w@goo.ne.jp', '8945840502', 0);
insert into Klient (id, imie, nazwisko, email, numertelefonu, naleznosci)
values (250, 'Patrice', 'MacKenzie', 'pmackenzie6x@issuu.com', '4932556094', 0);


insert into Haslo (klientID, haslo)
values (1, 'yip2doGBSZv');
insert into Haslo (klientID, haslo)
values (2, 'ggKsa8NdkBU');
insert into Haslo (klientID, haslo)
values (3, 'GtUqH1QrINI');
insert into Haslo (klientID, haslo)
values (4, 'qD1LpHTOXiyW');
insert into Haslo (klientID, haslo)
values (5, 'sG7aHmO35MA');
insert into Haslo (klientID, haslo)
values (6, 'lvQ5f2');
insert into Haslo (klientID, haslo)
values (7, '1CobLii3cu');
insert into Haslo (klientID, haslo)
values (8, 'MrRfJIZYat0f');
insert into Haslo (klientID, haslo)
values (9, '9JpWp9OnFzmx');
insert into Haslo (klientID, haslo)
values (10, 'AZNzqwth9yNO');
insert into Haslo (klientID, haslo)
values (11, '93HmUGr1KZ9X');
insert into Haslo (klientID, haslo)
values (12, 'ieOWb5LnGc');
insert into Haslo (klientID, haslo)
values (13, 'voqN9K');
insert into Haslo (klientID, haslo)
values (14, 'G5SjwEwkw3WT');
insert into Haslo (klientID, haslo)
values (15, 'sIU4eVR3D');
insert into Haslo (klientID, haslo)
values (16, '2cMjqQ7dKqD');
insert into Haslo (klientID, haslo)
values (17, '5PIj6xiEPBpI');
insert into Haslo (klientID, haslo)
values (18, 'nVs8Xdq');
insert into Haslo (klientID, haslo)
values (19, '8Bmol3PZ4');
insert into Haslo (klientID, haslo)
values (20, 'b0Oysa');
insert into Haslo (klientID, haslo)
values (21, '45P8Joy43zSF');
insert into Haslo (klientID, haslo)
values (22, 'TNZYBc1up5ca');
insert into Haslo (klientID, haslo)
values (23, 'elrl8Ew');
insert into Haslo (klientID, haslo)
values (24, 'qkYh9MCf');
insert into Haslo (klientID, haslo)
values (25, 'QslrSB6Cm');
insert into Haslo (klientID, haslo)
values (26, '4MWIb07R');
insert into Haslo (klientID, haslo)
values (27, '7oEnBYI');
insert into Haslo (klientID, haslo)
values (28, 'hWKNWdMqFy');
insert into Haslo (klientID, haslo)
values (29, 'AxWVW1');
insert into Haslo (klientID, haslo)
values (30, '3vEXpJKSrnxq');
insert into Haslo (klientID, haslo)
values (31, '6AnmqIXZbcy');
insert into Haslo (klientID, haslo)
values (32, 'yfZjhQ');
insert into Haslo (klientID, haslo)
values (33, 'BABaD5vd');
insert into Haslo (klientID, haslo)
values (34, 't4mK5xUbkE');
insert into Haslo (klientID, haslo)
values (35, 'P7hkeWRw');
insert into Haslo (klientID, haslo)
values (36, 'n8c268l');
insert into Haslo (klientID, haslo)
values (37, 'cjkfQQBMRreN');
insert into Haslo (klientID, haslo)
values (38, 'AUTS9jm');
insert into Haslo (klientID, haslo)
values (39, 'PHIhAKxVOgX');
insert into Haslo (klientID, haslo)
values (40, 'zVpv3G');
insert into Haslo (klientID, haslo)
values (41, 'eVBBHI1nacXH');
insert into Haslo (klientID, haslo)
values (42, '3wKiVh');
insert into Haslo (klientID, haslo)
values (43, 'fOLORNyiQHsA');
insert into Haslo (klientID, haslo)
values (44, 'KrFjaZl');
insert into Haslo (klientID, haslo)
values (45, 'H3jMfHNjv');
insert into Haslo (klientID, haslo)
values (46, 'WkudQrmA1I00');
insert into Haslo (klientID, haslo)
values (47, 's7j87lcbzpPc');
insert into Haslo (klientID, haslo)
values (48, 'BA7G7uT');
insert into Haslo (klientID, haslo)
values (49, 'j7uOWmf');
insert into Haslo (klientID, haslo)
values (50, 'ChBJrfC7');
insert into Haslo (klientID, haslo)
values (51, '63fWI6Kl');
insert into Haslo (klientID, haslo)
values (52, 'gC2H4z2Y0xU');
insert into Haslo (klientID, haslo)
values (53, 'E9WSwadE');
insert into Haslo (klientID, haslo)
values (54, 'NYYA2my');
insert into Haslo (klientID, haslo)
values (55, 'yVH2VrN');
insert into Haslo (klientID, haslo)
values (56, 'gou1jYH');
insert into Haslo (klientID, haslo)
values (57, 'XOvgWP');
insert into Haslo (klientID, haslo)
values (58, 'yZDFUaT3pk');
insert into Haslo (klientID, haslo)
values (59, 'HAIBmr');
insert into Haslo (klientID, haslo)
values (60, 'D1U8YrB8T8r');
insert into Haslo (klientID, haslo)
values (61, '0nvCWx');
insert into Haslo (klientID, haslo)
values (62, 'hripsQzERSD');
insert into Haslo (klientID, haslo)
values (63, '3EDC7FwRAS');
insert into Haslo (klientID, haslo)
values (64, 'YaQEPQTgGUuC');
insert into Haslo (klientID, haslo)
values (65, 'COtgEQqE');
insert into Haslo (klientID, haslo)
values (66, 'edOK9OtTDR4');
insert into Haslo (klientID, haslo)
values (67, 'e6ttPv05I');
insert into Haslo (klientID, haslo)
values (68, 'nk3HP2');
insert into Haslo (klientID, haslo)
values (69, 'wyr47Ilur');
insert into Haslo (klientID, haslo)
values (70, 'qocNBN7sY7H');
insert into Haslo (klientID, haslo)
values (71, '7YyDqY');
insert into Haslo (klientID, haslo)
values (72, 'FV3owDNs');
insert into Haslo (klientID, haslo)
values (73, 'U1O48FvuKaP');
insert into Haslo (klientID, haslo)
values (74, 'FYu19vyRi0');
insert into Haslo (klientID, haslo)
values (75, 'NsavKM');
insert into Haslo (klientID, haslo)
values (76, 'ExBkOO');
insert into Haslo (klientID, haslo)
values (77, 'beepsd');
insert into Haslo (klientID, haslo)
values (78, 'K9rzh28A7qB3');
insert into Haslo (klientID, haslo)
values (79, 'bVAtKV40Efi');
insert into Haslo (klientID, haslo)
values (80, '8oNXXeFf8BP');
insert into Haslo (klientID, haslo)
values (81, 'PraXS0Gc9yxd');
insert into Haslo (klientID, haslo)
values (82, 'vkNBo6M');
insert into Haslo (klientID, haslo)
values (83, 'E3cedC');
insert into Haslo (klientID, haslo)
values (84, 'fs3N4g');
insert into Haslo (klientID, haslo)
values (85, 'j60vWd64gwl9');
insert into Haslo (klientID, haslo)
values (86, 'egZ9UUj');
insert into Haslo (klientID, haslo)
values (87, 'u0y7zweRVF');
insert into Haslo (klientID, haslo)
values (88, '53XxdCBs');
insert into Haslo (klientID, haslo)
values (89, 'LEEU2q9eF');
insert into Haslo (klientID, haslo)
values (90, 'eRb8V7W7W9');
insert into Haslo (klientID, haslo)
values (91, 'LHD29oZkBx');
insert into Haslo (klientID, haslo)
values (92, 'gxTHHTE0P');
insert into Haslo (klientID, haslo)
values (93, 'au2k3JNr6Q');
insert into Haslo (klientID, haslo)
values (94, 'nvlvDkkI');
insert into Haslo (klientID, haslo)
values (95, 'H9v2KRbU');
insert into Haslo (klientID, haslo)
values (96, 'SOi1p8a3');
insert into Haslo (klientID, haslo)
values (97, 'KMTQogq');
insert into Haslo (klientID, haslo)
values (98, 'pZGNBM');
insert into Haslo (klientID, haslo)
values (99, '1i0QEbDAJL4');
insert into Haslo (klientID, haslo)
values (100, 'Dg4qPvX43');
insert into Haslo (klientID, haslo)
values (101, 'b0wkPlevtA');
insert into Haslo (klientID, haslo)
values (102, 'WlFxJhCw');
insert into Haslo (klientID, haslo)
values (103, 'QeNJgjJwk');
insert into Haslo (klientID, haslo)
values (104, 'zPNbJU');
insert into Haslo (klientID, haslo)
values (105, 'qhlCAvsYkRa');
insert into Haslo (klientID, haslo)
values (106, 'GPSJrRP0L');
insert into Haslo (klientID, haslo)
values (107, 'ghvcyCoHu0i');
insert into Haslo (klientID, haslo)
values (108, '7mqqREdPc6iO');
insert into Haslo (klientID, haslo)
values (109, 'S0aL4jlCQlI');
insert into Haslo (klientID, haslo)
values (110, '83nb6SLI');
insert into Haslo (klientID, haslo)
values (111, 'rDn94IS');
insert into Haslo (klientID, haslo)
values (112, 'UEld1lB');
insert into Haslo (klientID, haslo)
values (113, 'FX5RJ8');
insert into Haslo (klientID, haslo)
values (114, '3sbxuCw');
insert into Haslo (klientID, haslo)
values (115, 'q5oexDd13');
insert into Haslo (klientID, haslo)
values (116, '26HGp4QyPt');
insert into Haslo (klientID, haslo)
values (117, 'kX1xyziOF');
insert into Haslo (klientID, haslo)
values (118, '0XR2guL6B');
insert into Haslo (klientID, haslo)
values (119, 'Haf29SDgG');
insert into Haslo (klientID, haslo)
values (120, 'fjiIK0');
insert into Haslo (klientID, haslo)
values (121, 'vu1pZgkVi5');
insert into Haslo (klientID, haslo)
values (122, 'ZADRfuHepp');
insert into Haslo (klientID, haslo)
values (123, 'hHVrR2ul');
insert into Haslo (klientID, haslo)
values (124, '2A8AXQpAC');
insert into Haslo (klientID, haslo)
values (125, 'haHSdKy');
insert into Haslo (klientID, haslo)
values (126, 'BM2f292PUnP');
insert into Haslo (klientID, haslo)
values (127, 'El4l2ePbFgr');
insert into Haslo (klientID, haslo)
values (128, '3KNWAFQk');
insert into Haslo (klientID, haslo)
values (129, 'nZGgOvNSXmZ');
insert into Haslo (klientID, haslo)
values (130, 'iKgYXjZt0');
insert into Haslo (klientID, haslo)
values (131, '3xUKpE13');
insert into Haslo (klientID, haslo)
values (132, 'BQ9ueN');
insert into Haslo (klientID, haslo)
values (133, 'OCwEmshs');
insert into Haslo (klientID, haslo)
values (134, '9Oh28tAcZsq');
insert into Haslo (klientID, haslo)
values (135, 'xT3LO6n62yq');
insert into Haslo (klientID, haslo)
values (136, 'nLvWArYjw8Jq');
insert into Haslo (klientID, haslo)
values (137, 'XYI2fnndNAJ');
insert into Haslo (klientID, haslo)
values (138, 'sgkhaFIBv');
insert into Haslo (klientID, haslo)
values (139, '6AD3Yt6qk8U');
insert into Haslo (klientID, haslo)
values (140, 'd1NO7VPsqv');
insert into Haslo (klientID, haslo)
values (141, 'MC1vTR');
insert into Haslo (klientID, haslo)
values (142, 'ONMa2DhV9');
insert into Haslo (klientID, haslo)
values (143, 'Z6AaNTD5');
insert into Haslo (klientID, haslo)
values (144, 'A5fuUbsvjA');
insert into Haslo (klientID, haslo)
values (145, 'SYyR6XnFaueR');
insert into Haslo (klientID, haslo)
values (146, 'VXySNRqwc');
insert into Haslo (klientID, haslo)
values (147, 'PTwMUdg');
insert into Haslo (klientID, haslo)
values (148, 'yODELjCiDm');
insert into Haslo (klientID, haslo)
values (149, 'YTAgS8IwJ');
insert into Haslo (klientID, haslo)
values (150, 'FZulMG8Z0Gy');
insert into Haslo (klientID, haslo)
values (151, 'C2XStuwp');
insert into Haslo (klientID, haslo)
values (152, 'ERGvzB0zg7S');
insert into Haslo (klientID, haslo)
values (153, 'tAF7nvGwt');
insert into Haslo (klientID, haslo)
values (154, '1xlGcMeXD');
insert into Haslo (klientID, haslo)
values (155, 'FXhw0ibK');
insert into Haslo (klientID, haslo)
values (156, 'uYvu6Nklk');
insert into Haslo (klientID, haslo)
values (157, 'Zjb5D6CRz');
insert into Haslo (klientID, haslo)
values (158, 'lWCSBe8idzzJ');
insert into Haslo (klientID, haslo)
values (159, 'FyrQ2Y');
insert into Haslo (klientID, haslo)
values (160, 'UCmibkqmaFD');
insert into Haslo (klientID, haslo)
values (161, 'rALUdQrhE');
insert into Haslo (klientID, haslo)
values (162, 'HjFVSFfg');
insert into Haslo (klientID, haslo)
values (163, '8Lx42E1');
insert into Haslo (klientID, haslo)
values (164, 'VxE2sFY20N');
insert into Haslo (klientID, haslo)
values (165, 'FIL63lcG8F5J');
insert into Haslo (klientID, haslo)
values (166, 'HnTxPtEGcla');
insert into Haslo (klientID, haslo)
values (167, 'A5dnXRj');
insert into Haslo (klientID, haslo)
values (168, 'xMEq8W6vmL');
insert into Haslo (klientID, haslo)
values (169, 'uezPY3sP');
insert into Haslo (klientID, haslo)
values (170, '1e7SX2u');
insert into Haslo (klientID, haslo)
values (171, 'RgR8aU9OJ');
insert into Haslo (klientID, haslo)
values (172, 'DNZe54zTgMm');
insert into Haslo (klientID, haslo)
values (173, 'X0BBTS6k');
insert into Haslo (klientID, haslo)
values (174, 'ULCL8V');
insert into Haslo (klientID, haslo)
values (175, 'rJZhBb');
insert into Haslo (klientID, haslo)
values (176, 'G2laH2');
insert into Haslo (klientID, haslo)
values (177, 'hl4HYF');
insert into Haslo (klientID, haslo)
values (178, 'IchbdRy');
insert into Haslo (klientID, haslo)
values (179, 'Z0Q9RKtN');
insert into Haslo (klientID, haslo)
values (180, 'GLt08K');
insert into Haslo (klientID, haslo)
values (181, 'LQLldITPcD7R');
insert into Haslo (klientID, haslo)
values (182, 'OkaRa3FYH');
insert into Haslo (klientID, haslo)
values (183, 'qAPhP1y');
insert into Haslo (klientID, haslo)
values (184, 'EMXuzBBPdg');
insert into Haslo (klientID, haslo)
values (185, 'BMP6o4boW73O');
insert into Haslo (klientID, haslo)
values (186, 'jZX7DRG8BV');
insert into Haslo (klientID, haslo)
values (187, 'hFRyR9');
insert into Haslo (klientID, haslo)
values (188, 'yOYNde2Fg');
insert into Haslo (klientID, haslo)
values (189, 'bYHuGRai');
insert into Haslo (klientID, haslo)
values (190, 'lUfUxjHcgg');
insert into Haslo (klientID, haslo)
values (191, 'WbT68H');
insert into Haslo (klientID, haslo)
values (192, 'oaDPecTmyy6I');
insert into Haslo (klientID, haslo)
values (193, 'HHc9DL');
insert into Haslo (klientID, haslo)
values (194, 'A3Sfd1Ht3o3');
insert into Haslo (klientID, haslo)
values (195, 'LvBzGyUz');
insert into Haslo (klientID, haslo)
values (196, 'zFzGwSDG');
insert into Haslo (klientID, haslo)
values (197, 'ScXGxOnRE');
insert into Haslo (klientID, haslo)
values (198, 'Dlw1JFa');
insert into Haslo (klientID, haslo)
values (199, '5rOhmHtOYOy');
insert into Haslo (klientID, haslo)
values (200, 'qeNtjc6vCyf');
insert into Haslo (klientID, haslo)
values (201, 'dlaJZxRcm');
insert into Haslo (klientID, haslo)
values (202, 'VaX8dN1sB');
insert into Haslo (klientID, haslo)
values (203, 'UB4NJ3vpmT');
insert into Haslo (klientID, haslo)
values (204, 'wtLuhH5j');
insert into Haslo (klientID, haslo)
values (205, '3JkImJxN');
insert into Haslo (klientID, haslo)
values (206, 'FpCXqlighn');
insert into Haslo (klientID, haslo)
values (207, 'o4iPSUfHfZA');
insert into Haslo (klientID, haslo)
values (208, 'EA75ok');
insert into Haslo (klientID, haslo)
values (209, '80vGrUHwBNz');
insert into Haslo (klientID, haslo)
values (210, 'A4vjnLZhcQ');
insert into Haslo (klientID, haslo)
values (211, 'nAC0JxiM2');
insert into Haslo (klientID, haslo)
values (212, 'ztOriSjmjTa');
insert into Haslo (klientID, haslo)
values (213, '1HtRaA');
insert into Haslo (klientID, haslo)
values (214, 'dio4T9');
insert into Haslo (klientID, haslo)
values (215, 'XyAkvYMzXXQq');
insert into Haslo (klientID, haslo)
values (216, '8bAy7iPuBfv');
insert into Haslo (klientID, haslo)
values (217, 'PM65yz');
insert into Haslo (klientID, haslo)
values (218, 'pANmC7');
insert into Haslo (klientID, haslo)
values (219, '464PL4q');
insert into Haslo (klientID, haslo)
values (220, 'reelCETg9lR');
insert into Haslo (klientID, haslo)
values (221, 'sBjtEQLivLKc');
insert into Haslo (klientID, haslo)
values (222, '7mXXw9UI0qZ');
insert into Haslo (klientID, haslo)
values (223, '0ms7egu');
insert into Haslo (klientID, haslo)
values (224, 'UB4yODzn6s0');
insert into Haslo (klientID, haslo)
values (225, 'iqezjSUs0ZI');
insert into Haslo (klientID, haslo)
values (226, '7tfCeqjVw');
insert into Haslo (klientID, haslo)
values (227, 'kaCG0pdT');
insert into Haslo (klientID, haslo)
values (228, 'ndzWNGZn');
insert into Haslo (klientID, haslo)
values (229, 'xpENbiUQ1');
insert into Haslo (klientID, haslo)
values (230, 'EfJC4zo');
insert into Haslo (klientID, haslo)
values (231, 'TYFNDUx');
insert into Haslo (klientID, haslo)
values (232, 'qYmI4hrTlyQC');
insert into Haslo (klientID, haslo)
values (233, 'dyAgY1');
insert into Haslo (klientID, haslo)
values (234, 'nlfs5dT6po');
insert into Haslo (klientID, haslo)
values (235, 'iDGNpuxf');
insert into Haslo (klientID, haslo)
values (236, 'jB56maWthTs');
insert into Haslo (klientID, haslo)
values (237, 'AdifS3nwjwm');
insert into Haslo (klientID, haslo)
values (238, 'zWdtisdhTZZ');
insert into Haslo (klientID, haslo)
values (239, 'wn2dJdv');
insert into Haslo (klientID, haslo)
values (240, 'zlFG0H1ca');
insert into Haslo (klientID, haslo)
values (241, 'eoFHCz');
insert into Haslo (klientID, haslo)
values (242, 'cWPvbrsjO');
insert into Haslo (klientID, haslo)
values (243, 'g82Qvv81Rf');
insert into Haslo (klientID, haslo)
values (244, 'A0AFA6pbS19');
insert into Haslo (klientID, haslo)
values (245, 'dn4XwyI');
insert into Haslo (klientID, haslo)
values (246, 'IQR4pCS');
insert into Haslo (klientID, haslo)
values (247, 'Fr6pp0YlM');
insert into Haslo (klientID, haslo)
values (248, 'exhC7J');
insert into Haslo (klientID, haslo)
values (249, 'rgfxiH1');
insert into Haslo (klientID, haslo)
values (250, 'm3tWPyrOJ');


insert into Zwierze (id, imie, klientID, gatunekID, Leki, Alergie)
values (1, 'Jacquetta', 1, 1, 'Ibuprofen', 'Apple');
insert into Zwierze (id, imie, klientID, gatunekID, Leki, Alergie)
values (2, 'Marcelline', 2, 1, null, 'Apple');
insert into Zwierze (id, imie, klientID, gatunekID, Leki, Alergie)
values (3, 'Huntlee', 3, 1, null, null);
insert into Zwierze (id, imie, klientID, gatunekID, Leki, Alergie)
values (4, 'Patricia', 4, 1, null, null);
insert into Zwierze (id, imie, klientID, gatunekID, Leki, Alergie)
values (5, 'Anatol', 5, 1, 'Macrocrystalline', 'Grapes');
insert into Zwierze (id, imie, klientID, gatunekID, Leki, Alergie)
values (6, 'Ikey', 6, 1, null, null);
insert into Zwierze (id, imie, klientID, gatunekID, Leki, Alergie)
values (7, 'Porty', 7, 1, null, null);
insert into Zwierze (id, imie, klientID, gatunekID, Leki, Alergie)
values (8, 'Leone', 8, 1, null, 'Sunflower');
insert into Zwierze (id, imie, klientID, gatunekID, Leki, Alergie)
values (9, 'Lucilia', 9, 1, null, null);
insert into Zwierze (id, imie, klientID, gatunekID, Leki, Alergie)
values (10, 'Kelli', 10, 1, null, null);
insert into Zwierze (id, imie, klientID, gatunekID, Leki, Alergie)
values (11, 'Marcela', 11, 1, null, null);
insert into Zwierze (id, imie, klientID, gatunekID, Leki, Alergie)
values (12, 'Brand', 12, 1, null, 'Pumpkin');
insert into Zwierze (id, imie, klientID, gatunekID, Leki, Alergie)
values (13, 'Lotty', 13, 1, 'Glycerin', null);
insert into Zwierze (id, imie, klientID, gatunekID, Leki, Alergie)
values (14, 'Raeann', 14, 1, null, null);
insert into Zwierze (id, imie, klientID, gatunekID, Leki, Alergie)
values (15, 'Chen', 15, 1, null, null);
insert into Zwierze (id, imie, klientID, gatunekID, Leki, Alergie)
values (16, 'Selie', 16, 1, null, null);
insert into Zwierze (id, imie, klientID, gatunekID, Leki, Alergie)
values (17, 'Adoree', 17, 1, null, null);
insert into Zwierze (id, imie, klientID, gatunekID, Leki, Alergie)
values (18, 'Clovis', 18, 1, null, null);
insert into Zwierze (id, imie, klientID, gatunekID, Leki, Alergie)
values (19, 'Gayel', 19, 1, null, null);
insert into Zwierze (id, imie, klientID, gatunekID, Leki, Alergie)
values (20, 'Kori', 20, 1, 'OCTINOXATE', 'Bread');
insert into Zwierze (id, imie, klientID, gatunekID, Leki, Alergie)
values (21, 'Brier', 21, 1, null, null);
insert into Zwierze (id, imie, klientID, gatunekID, Leki, Alergie)
values (22, 'Sephira', 22, 1, null, null);
insert into Zwierze (id, imie, klientID, gatunekID, Leki, Alergie)
values (23, 'Kaiser', 23, 1, null, null);
insert into Zwierze (id, imie, klientID, gatunekID, Leki, Alergie)
values (24, 'Burch', 24, 1, 'Metoclopramide', null);
insert into Zwierze (id, imie, klientID, gatunekID, Leki, Alergie)
values (25, 'Kristo', 25, 1, null, null);
insert into Zwierze (id, imie, klientID, gatunekID, Leki, Alergie)
values (26, 'Yolanda', 26, 1, null, 'Apple');
insert into Zwierze (id, imie, klientID, gatunekID, Leki, Alergie)
values (27, 'Katherina', 27, 1, null, null);
insert into Zwierze (id, imie, klientID, gatunekID, Leki, Alergie)
values (28, 'Gabriela', 28, 1, null, null);
insert into Zwierze (id, imie, klientID, gatunekID, Leki, Alergie)
values (29, 'Kiley', 29, 1, null, null);
insert into Zwierze (id, imie, klientID, gatunekID, Leki, Alergie)
values (30, 'Baillie', 30, 1, null, 'Apple');
insert into Zwierze (id, imie, klientID, gatunekID, Leki, Alergie)
values (31, 'Sherwood', 31, 1, null, null);
insert into Zwierze (id, imie, klientID, gatunekID, Leki, Alergie)
values (32, 'Guthrie', 32, 1, null, null);
insert into Zwierze (id, imie, klientID, gatunekID, Leki, Alergie)
values (33, 'Rozina', 33, 1, null, null);
insert into Zwierze (id, imie, klientID, gatunekID, Leki, Alergie)
values (34, 'Reinaldo', 34, 1, null, null);
insert into Zwierze (id, imie, klientID, gatunekID, Leki, Alergie)
values (35, 'Bernita', 35, 1, null, null);
insert into Zwierze (id, imie, klientID, gatunekID, Leki, Alergie)
values (36, 'Winnie', 36, 1, null, 'Apple');
insert into Zwierze (id, imie, klientID, gatunekID, Leki, Alergie)
values (37, 'Juli', 37, 1, null, 'Apple');
insert into Zwierze (id, imie, klientID, gatunekID, Leki, Alergie)
values (38, 'Luci', 38, 1, null, 'Chocolate');
insert into Zwierze (id, imie, klientID, gatunekID, Leki, Alergie)
values (39, 'Mira', 39, 1, null, null);
insert into Zwierze (id, imie, klientID, gatunekID, Leki, Alergie)
values (40, 'Georgi', 40, 1, null, 'Apple');
insert into Zwierze (id, imie, klientID, gatunekID, Leki, Alergie)
values (41, 'Muire', 41, 1, null, null);
insert into Zwierze (id, imie, klientID, gatunekID, Leki, Alergie)
values (42, 'Lucila', 42, 1, 'Aluminum', 'Pepper');
insert into Zwierze (id, imie, klientID, gatunekID, Leki, Alergie)
values (43, 'Viole', 43, 1, null, null);
insert into Zwierze (id, imie, klientID, gatunekID, Leki, Alergie)
values (44, 'Gil', 44, 1, null, null);
insert into Zwierze (id, imie, klientID, gatunekID, Leki, Alergie)
values (45, 'Janessa', 45, 1, null, null);
insert into Zwierze (id, imie, klientID, gatunekID, Leki, Alergie)
values (46, 'Sasha', 46, 1, null, 'Chili');
insert into Zwierze (id, imie, klientID, gatunekID, Leki, Alergie)
values (47, 'Gerladina', 47, 1, null, 'Grapes');
insert into Zwierze (id, imie, klientID, gatunekID, Leki, Alergie)
values (48, 'Jammal', 48, 1, null, null);
insert into Zwierze (id, imie, klientID, gatunekID, Leki, Alergie)
values (49, 'Clarie', 49, 1, null, null);

insert into Zwierze (id, imie, klientID, gatunekID, Leki, Alergie)
values (50, 'Marita', 50, 2, null, 'Apple');
insert into Zwierze (id, imie, klientID, gatunekID, Leki, Alergie)
values (51, 'Glori', 51, 2, null, null);
insert into Zwierze (id, imie, klientID, gatunekID, Leki, Alergie)
values (52, 'Livvie', 52, 2, null, 'Cornflakes');
insert into Zwierze (id, imie, klientID, gatunekID, Leki, Alergie)
values (53, 'Colette', 53, 2, null, 'Apple');
insert into Zwierze (id, imie, klientID, gatunekID, Leki, Alergie)
values (54, 'Paulo', 54, 2, null, null);
insert into Zwierze (id, imie, klientID, gatunekID, Leki, Alergie)
values (55, 'Arlin', 55, 2, null, null);
insert into Zwierze (id, imie, klientID, gatunekID, Leki, Alergie)
values (56, 'Haily', 56, 2, null, null);
insert into Zwierze (id, imie, klientID, gatunekID, Leki, Alergie)
values (57, 'Karlik', 57, 2, null, null);
insert into Zwierze (id, imie, klientID, gatunekID, Leki, Alergie)
values (58, 'Deane', 58, 2, null, null);
insert into Zwierze (id, imie, klientID, gatunekID, Leki, Alergie)
values (59, 'Melvin', 59, 2, null, null);
insert into Zwierze (id, imie, klientID, gatunekID, Leki, Alergie)
values (60, 'Dylan', 60, 2, null, null);
insert into Zwierze (id, imie, klientID, gatunekID, Leki, Alergie)
values (61, 'Alfredo', 61, 2, null, null);
insert into Zwierze (id, imie, klientID, gatunekID, Leki, Alergie)
values (62, 'Alan', 62, 2, null, null);
insert into Zwierze (id, imie, klientID, gatunekID, Leki, Alergie)
values (63, 'Tobie', 63, 2, null, 'Flour');
insert into Zwierze (id, imie, klientID, gatunekID, Leki, Alergie)
values (64, 'Pierrette', 64, 2, null, 'Yeast');
insert into Zwierze (id, imie, klientID, gatunekID, Leki, Alergie)
values (65, 'Neville', 65, 2, null, null);
insert into Zwierze (id, imie, klientID, gatunekID, Leki, Alergie)
values (66, 'Tucky', 66, 2, null, 'Spinach');
insert into Zwierze (id, imie, klientID, gatunekID, Leki, Alergie)
values (67, 'Janeta', 67, 2, null, null);
insert into Zwierze (id, imie, klientID, gatunekID, Leki, Alergie)
values (68, 'Wernher', 68, 2, null, 'Passion Fruit');
insert into Zwierze (id, imie, klientID, gatunekID, Leki, Alergie)
values (69, 'Andrey', 69, 2, null, null);
insert into Zwierze (id, imie, klientID, gatunekID, Leki, Alergie)
values (70, 'Timmy', 70, 2, null, null);
insert into Zwierze (id, imie, klientID, gatunekID, Leki, Alergie)
values (71, 'Hermon', 71, 2, null, 'Apple');
insert into Zwierze (id, imie, klientID, gatunekID, Leki, Alergie)
values (72, 'Louie', 72, 2, null, null);
insert into Zwierze (id, imie, klientID, gatunekID, Leki, Alergie)
values (73, 'Terri-jo', 73, 2, null, null);
insert into Zwierze (id, imie, klientID, gatunekID, Leki, Alergie)
values (74, 'Malissia', 74, 2, null, null);
insert into Zwierze (id, imie, klientID, gatunekID, Leki, Alergie)
values (75, 'Rock', 75, 2, null, null);
insert into Zwierze (id, imie, klientID, gatunekID, Leki, Alergie)
values (76, 'Edythe', 76, 2, null, null);
insert into Zwierze (id, imie, klientID, gatunekID, Leki, Alergie)
values (77, 'Francesca', 77, 2, null, null);
insert into Zwierze (id, imie, klientID, gatunekID, Leki, Alergie)
values (78, 'Ginnifer', 78, 2, null, 'Apple');
insert into Zwierze (id, imie, klientID, gatunekID, Leki, Alergie)
values (79, 'Ddene', 79, 2, null, null);
insert into Zwierze (id, imie, klientID, gatunekID, Leki, Alergie)
values (80, 'Olly', 80, 2, null, 'Apple');
insert into Zwierze (id, imie, klientID, gatunekID, Leki, Alergie)
values (81, 'Zachery', 81, 2, null, null);
insert into Zwierze (id, imie, klientID, gatunekID, Leki, Alergie)
values (82, 'Aubree', 82, 2, null, null);
insert into Zwierze (id, imie, klientID, gatunekID, Leki, Alergie)
values (83, 'Angele', 83, 2, null, null);
insert into Zwierze (id, imie, klientID, gatunekID, Leki, Alergie)
values (84, 'Bell', 84, 2, null, 'Shrimp');
insert into Zwierze (id, imie, klientID, gatunekID, Leki, Alergie)
values (85, 'Cacilia', 85, 2, null, null);
insert into Zwierze (id, imie, klientID, gatunekID, Leki, Alergie)
values (86, 'Rafael', 86, 2, null, null);
insert into Zwierze (id, imie, klientID, gatunekID, Leki, Alergie)
values (87, 'Haleigh', 87, 2, null, 'Apple');
insert into Zwierze (id, imie, klientID, gatunekID, Leki, Alergie)
values (88, 'Issi', 88, 2, null, 'Sugar');
insert into Zwierze (id, imie, klientID, gatunekID, Leki, Alergie)
values (89, 'Mauricio', 89, 2, null, null);
insert into Zwierze (id, imie, klientID, gatunekID, Leki, Alergie)
values (90, 'Keefe', 90, 2, null, null);
insert into Zwierze (id, imie, klientID, gatunekID, Leki, Alergie)
values (91, 'Ashby', 91, 2, null, 'Chocolate');
insert into Zwierze (id, imie, klientID, gatunekID, Leki, Alergie)
values (92, 'Lyndsay', 92, 2, null, null);
insert into Zwierze (id, imie, klientID, gatunekID, Leki, Alergie)
values (93, 'Deonne', 93, 2, null, null);
insert into Zwierze (id, imie, klientID, gatunekID, Leki, Alergie)
values (94, 'Engracia', 94, 2, null, 'Chocolate');
insert into Zwierze (id, imie, klientID, gatunekID, Leki, Alergie)
values (95, 'Holt', 95, 2, null, 'Chocolate');
insert into Zwierze (id, imie, klientID, gatunekID, Leki, Alergie)
values (96, 'Jarrad', 96, 2, null, null);
insert into Zwierze (id, imie, klientID, gatunekID, Leki, Alergie)
values (97, 'Mirella', 97, 2, ' Allantoin', 'Beans');
insert into Zwierze (id, imie, klientID, gatunekID, Leki, Alergie)
values (98, 'Eben', 98, 2, null, 'Chocolate');
insert into Zwierze (id, imie, klientID, gatunekID, Leki, Alergie)
values (99, 'Mohandas', 99, 2, null, null);

insert into Zwierze (id, imie, klientID, gatunekID, Leki, Alergie)
values (100, 'Kala', 100, 3, null, null);
insert into Zwierze (id, imie, klientID, gatunekID, Leki, Alergie)
values (101, 'Franky', 101, 3, null, null);
insert into Zwierze (id, imie, klientID, gatunekID, Leki, Alergie)
values (102, 'Wilmar', 102, 3, null, null);
insert into Zwierze (id, imie, klientID, gatunekID, Leki, Alergie)
values (103, 'Lem', 103, 5, null, null);
insert into Zwierze (id, imie, klientID, gatunekID, Leki, Alergie)
values (104, 'Kenton', 104, 3, null, null);
insert into Zwierze (id, imie, klientID, gatunekID, Leki, Alergie)
values (105, 'Valeda', 105, 3, null, null);
insert into Zwierze (id, imie, klientID, gatunekID, Leki, Alergie)
values (106, 'Pancho', 106, 3, null, 'Wine');
insert into Zwierze (id, imie, klientID, gatunekID, Leki, Alergie)
values (107, 'Rosene', 107, 3, null, null);
insert into Zwierze (id, imie, klientID, gatunekID, Leki, Alergie)
values (108, 'Rice', 108, 3, null, null);
insert into Zwierze (id, imie, klientID, gatunekID, Leki, Alergie)
values (109, 'Oriana', 109, 3, null, null);
insert into Zwierze (id, imie, klientID, gatunekID, Leki, Alergie)
values (110, 'Sheila-kathryn', 110, 3, null, null);
insert into Zwierze (id, imie, klientID, gatunekID, Leki, Alergie)
values (111, 'Tony', 111, 3, null, null);
insert into Zwierze (id, imie, klientID, gatunekID, Leki, Alergie)
values (112, 'Mackenzie', 112, 3, null, null);
insert into Zwierze (id, imie, klientID, gatunekID, Leki, Alergie)
values (113, 'Benjamen', 113, 3, null, null);
insert into Zwierze (id, imie, klientID, gatunekID, Leki, Alergie)
values (114, 'Kira', 114, 3, null, null);
insert into Zwierze (id, imie, klientID, gatunekID, Leki, Alergie)
values (115, 'Lydia', 115, 3, null, null);
insert into Zwierze (id, imie, klientID, gatunekID, Leki, Alergie)
values (116, 'Maggie', 116, 3, null, null);
insert into Zwierze (id, imie, klientID, gatunekID, Leki, Alergie)
values (117, 'Hunfredo', 117, 3, null, 'Salmon');
insert into Zwierze (id, imie, klientID, gatunekID, Leki, Alergie)
values (118, 'Sibbie', 118, 3, null, null);
insert into Zwierze (id, imie, klientID, gatunekID, Leki, Alergie)
values (119, 'Lorrie', 119, 3, null, null);
insert into Zwierze (id, imie, klientID, gatunekID, Leki, Alergie)
values (120, 'Fairlie', 120, 3, null, 'Potato');
insert into Zwierze (id, imie, klientID, gatunekID, Leki, Alergie)
values (121, 'Eldredge', 121, 3, null, null);
insert into Zwierze (id, imie, klientID, gatunekID, Leki, Alergie)
values (122, 'Deanna', 122, 3, null, null);
insert into Zwierze (id, imie, klientID, gatunekID, Leki, Alergie)
values (123, 'Averell', 123, 3, null, null);
insert into Zwierze (id, imie, klientID, gatunekID, Leki, Alergie)
values (124, 'Rowe', 124, 3, null, 'Pork');
insert into Zwierze (id, imie, klientID, gatunekID, Leki, Alergie)
values (125, 'Barton', 125, 3, null, null);
insert into Zwierze (id, imie, klientID, gatunekID, Leki, Alergie)
values (126, 'Fee', 126, 3, null, 'Lamb');
insert into Zwierze (id, imie, klientID, gatunekID, Leki, Alergie)
values (127, 'Janka', 127, 3, null, null);
insert into Zwierze (id, imie, klientID, gatunekID, Leki, Alergie)
values (128, 'Clevey', 128, 3, null, null);
insert into Zwierze (id, imie, klientID, gatunekID, Leki, Alergie)
values (129, 'Mirabelle', 129, 3, null, null);
insert into Zwierze (id, imie, klientID, gatunekID, Leki, Alergie)
values (130, 'Errol', 130, 3, 'Zinc Oxide', null);
insert into Zwierze (id, imie, klientID, gatunekID, Leki, Alergie)
values (131, 'Grange', 131, 3, null, null);
insert into Zwierze (id, imie, klientID, gatunekID, Leki, Alergie)
values (132, 'Bertine', 132, 3, null, null);
insert into Zwierze (id, imie, klientID, gatunekID, Leki, Alergie)
values (133, 'Desdemona', 133, 3, null, null);
insert into Zwierze (id, imie, klientID, gatunekID, Leki, Alergie)
values (134, 'Hadrian', 134, 3, null, null);
insert into Zwierze (id, imie, klientID, gatunekID, Leki, Alergie)
values (135, 'Elsi', 135, 2, null, null);
insert into Zwierze (id, imie, klientID, gatunekID, Leki, Alergie)
values (136, 'Krispin', 136, 3, null, 'Coffee');
insert into Zwierze (id, imie, klientID, gatunekID, Leki, Alergie)
values (137, 'Onida', 137, 3, null, null);
insert into Zwierze (id, imie, klientID, gatunekID, Leki, Alergie)
values (138, 'Cris', 138, 3, null, null);
insert into Zwierze (id, imie, klientID, gatunekID, Leki, Alergie)
values (139, 'Cristine', 139, 3, null, null);
insert into Zwierze (id, imie, klientID, gatunekID, Leki, Alergie)
values (140, 'Tito', 140, 3, null, null);
insert into Zwierze (id, imie, klientID, gatunekID, Leki, Alergie)
values (141, 'Pietro', 141, 3, null, 'Shrimp');
insert into Zwierze (id, imie, klientID, gatunekID, Leki, Alergie)
values (142, 'Sophia', 142, 3, null, 'Celery');
insert into Zwierze (id, imie, klientID, gatunekID, Leki, Alergie)
values (143, 'Elwood', 143, 3, null, null);
insert into Zwierze (id, imie, klientID, gatunekID, Leki, Alergie)
values (144, 'Clarita', 144, 3, null, null);
insert into Zwierze (id, imie, klientID, gatunekID, Leki, Alergie)
values (145, 'Robinetta', 145, 3, null, null);
insert into Zwierze (id, imie, klientID, gatunekID, Leki, Alergie)
values (146, 'Morey', 146, 3, null, null);
insert into Zwierze (id, imie, klientID, gatunekID, Leki, Alergie)
values (147, 'Rogers', 147, 3, null, null);
insert into Zwierze (id, imie, klientID, gatunekID, Leki, Alergie)
values (148, 'Candis', 148, 3, 'Lidocaine', 'Octopus');
insert into Zwierze (id, imie, klientID, gatunekID, Leki, Alergie)
values (149, 'Julius', 149, 3, null, 'Jalapeno');

insert into Zwierze (id, imie, klientID, gatunekID, Leki, Alergie)
values (150, 'Hakeem', 150, 4, null, 'Chocolate ');
insert into Zwierze (id, imie, klientID, gatunekID, Leki, Alergie)
values (151, 'Whitaker', 151, 4, null, null);
insert into Zwierze (id, imie, klientID, gatunekID, Leki, Alergie)
values (152, 'Loy', 152, 4, null, null);
insert into Zwierze (id, imie, klientID, gatunekID, Leki, Alergie)
values (153, 'Sondra', 153, 4, null, null);
insert into Zwierze (id, imie, klientID, gatunekID, Leki, Alergie)
values (154, 'Zenia', 154, 4, null, null);
insert into Zwierze (id, imie, klientID, gatunekID, Leki, Alergie)
values (155, 'Lev', 155, 4, null, null);
insert into Zwierze (id, imie, klientID, gatunekID, Leki, Alergie)
values (156, 'Sebastien', 156, 4, null, null);
insert into Zwierze (id, imie, klientID, gatunekID, Leki, Alergie)
values (157, 'Tann', 157, 4, null, null);
insert into Zwierze (id, imie, klientID, gatunekID, Leki, Alergie)
values (158, 'Ferd', 158, 4, null, 'Carrots');
insert into Zwierze (id, imie, klientID, gatunekID, Leki, Alergie)
values (159, 'Ingaborg', 159, 4, null, null);
insert into Zwierze (id, imie, klientID, gatunekID, Leki, Alergie)
values (160, 'Des', 160, 6, null, 'Beef');
insert into Zwierze (id, imie, klientID, gatunekID, Leki, Alergie)
values (161, 'Hart', 161, 3, 'LIDOCAINE', 'Cornflakes');
insert into Zwierze (id, imie, klientID, gatunekID, Leki, Alergie)
values (162, 'Maryanne', 162, 4, null, null);
insert into Zwierze (id, imie, klientID, gatunekID, Leki, Alergie)
values (163, 'Frasier', 163, 4, null, null);
insert into Zwierze (id, imie, klientID, gatunekID, Leki, Alergie)
values (164, 'Claudelle', 164, 4, null, null);
insert into Zwierze (id, imie, klientID, gatunekID, Leki, Alergie)
values (165, 'Riannon', 165, 4, null, null);
insert into Zwierze (id, imie, klientID, gatunekID, Leki, Alergie)
values (166, 'Alma', 166, 4, null, null);
insert into Zwierze (id, imie, klientID, gatunekID, Leki, Alergie)
values (167, 'Preston', 167, 4, null, 'Lime');
insert into Zwierze (id, imie, klientID, gatunekID, Leki, Alergie)
values (168, 'Jorey', 168, 4, null, null);
insert into Zwierze (id, imie, klientID, gatunekID, Leki, Alergie)
values (169, 'Gabriel', 169, 4, 'Insulin', 'Kiwi ');
insert into Zwierze (id, imie, klientID, gatunekID, Leki, Alergie)
values (170, 'Berne', 170, 4, null, null);
insert into Zwierze (id, imie, klientID, gatunekID, Leki, Alergie)
values (171, 'Yolanthe', 171, 4, null, null);
insert into Zwierze (id, imie, klientID, gatunekID, Leki, Alergie)
values (172, 'Carl', 172, 4, null, 'Mushroom');
insert into Zwierze (id, imie, klientID, gatunekID, Leki, Alergie)
values (173, 'Sherye', 173, 4, null, null);
insert into Zwierze (id, imie, klientID, gatunekID, Leki, Alergie)
values (174, 'Juieta', 174, 4, null, 'Apple');
insert into Zwierze (id, imie, klientID, gatunekID, Leki, Alergie)
values (175, 'Brigida', 175, 4, null, null);
insert into Zwierze (id, imie, klientID, gatunekID, Leki, Alergie)
values (176, 'Rhonda', 176, 4, null, null);
insert into Zwierze (id, imie, klientID, gatunekID, Leki, Alergie)
values (177, 'Daven', 177, 4, null, 'Pear');
insert into Zwierze (id, imie, klientID, gatunekID, Leki, Alergie)
values (178, 'Mahala', 178, 4, null, null);
insert into Zwierze (id, imie, klientID, gatunekID, Leki, Alergie)
values (179, 'Wes', 179, 4, null, null);
insert into Zwierze (id, imie, klientID, gatunekID, Leki, Alergie)
values (180, 'Alphonse', 180, 4, null, null);
insert into Zwierze (id, imie, klientID, gatunekID, Leki, Alergie)
values (181, 'Concettina', 181, 4, null, null);
insert into Zwierze (id, imie, klientID, gatunekID, Leki, Alergie)
values (182, 'Cynthie', 182, 4, null, 'Cheese');
insert into Zwierze (id, imie, klientID, gatunekID, Leki, Alergie)
values (183, 'Bethany', 183, 4, null, null);
insert into Zwierze (id, imie, klientID, gatunekID, Leki, Alergie)
values (184, 'Therese', 184, 4, null, null);
insert into Zwierze (id, imie, klientID, gatunekID, Leki, Alergie)
values (185, 'Boot', 185, 4, null, 'Bread');
insert into Zwierze (id, imie, klientID, gatunekID, Leki, Alergie)
values (186, 'Karim', 186, 4, null, null);
insert into Zwierze (id, imie, klientID, gatunekID, Leki, Alergie)
values (187, 'Thornie', 187, 4, null, null);
insert into Zwierze (id, imie, klientID, gatunekID, Leki, Alergie)
values (188, 'Conrade', 188, 4, 'Bacitracin', 'Olives');
insert into Zwierze (id, imie, klientID, gatunekID, Leki, Alergie)
values (189, 'Arv', 189, 4, null, null);
insert into Zwierze (id, imie, klientID, gatunekID, Leki, Alergie)
values (190, 'George', 190, 4, null, 'Chicken');
insert into Zwierze (id, imie, klientID, gatunekID, Leki, Alergie)
values (191, 'Barry', 191, 4, null, null);
insert into Zwierze (id, imie, klientID, gatunekID, Leki, Alergie)
values (192, 'Lucretia', 192, 4, null, 'Currants');
insert into Zwierze (id, imie, klientID, gatunekID, Leki, Alergie)
values (193, 'Rab', 193, 4, null, null);
insert into Zwierze (id, imie, klientID, gatunekID, Leki, Alergie)
values (194, 'Odella', 194, 4, 'Ranitidine', 'Tangerine');
insert into Zwierze (id, imie, klientID, gatunekID, Leki, Alergie)
values (195, 'Kalila', 195, 4, null, 'Chocolate');
insert into Zwierze (id, imie, klientID, gatunekID, Leki, Alergie)
values (196, 'Eleen', 196, 4, null, null);
insert into Zwierze (id, imie, klientID, gatunekID, Leki, Alergie)
values (197, 'Ardis', 197, 4, null, 'Pear');
insert into Zwierze (id, imie, klientID, gatunekID, Leki, Alergie)
values (198, 'Biddie', 198, 4, 'MENTHOL', null);
insert into Zwierze (id, imie, klientID, gatunekID, Leki, Alergie)
values (199, 'Lynea', 199, 4, 'Lorazepam', 'Cheese ');

insert into Zwierze (id, imie, klientID, gatunekID, Leki, Alergie)
values (200, 'Dacia', 200, 5, null, null);
insert into Zwierze (id, imie, klientID, gatunekID, Leki, Alergie)
values (201, 'Kermy', 201, 5, null, null);
insert into Zwierze (id, imie, klientID, gatunekID, Leki, Alergie)
values (202, 'Krishna', 202, 5, 'Zinc oxide', 'Eggplant');
insert into Zwierze (id, imie, klientID, gatunekID, Leki, Alergie)
values (203, 'Ara', 203, 5, null, null);
insert into Zwierze (id, imie, klientID, gatunekID, Leki, Alergie)
values (204, 'Cassy', 204, 5, null, null);
insert into Zwierze (id, imie, klientID, gatunekID, Leki, Alergie)
values (205, 'Eugene', 205, 5, null, 'Lettuce');
insert into Zwierze (id, imie, klientID, gatunekID, Leki, Alergie)
values (206, 'Salmon', 206, 5, null, null);
insert into Zwierze (id, imie, klientID, gatunekID, Leki, Alergie)
values (207, 'Garv', 207, 5, null, null);
insert into Zwierze (id, imie, klientID, gatunekID, Leki, Alergie)
values (208, 'Ozzy', 208, 5, null, null);
insert into Zwierze (id, imie, klientID, gatunekID, Leki, Alergie)
values (209, 'Daniele', 209, 5, null, null);
insert into Zwierze (id, imie, klientID, gatunekID, Leki, Alergie)
values (210, 'Harriett', 210, 5, null, null);
insert into Zwierze (id, imie, klientID, gatunekID, Leki, Alergie)
values (211, 'Rhonda', 211, 5, null, null);
insert into Zwierze (id, imie, klientID, gatunekID, Leki, Alergie)
values (212, 'Gunter', 212, 5, null, null);
insert into Zwierze (id, imie, klientID, gatunekID, Leki, Alergie)
values (213, 'Jaquelyn', 213, 5, null, 'Grape');
insert into Zwierze (id, imie, klientID, gatunekID, Leki, Alergie)
values (214, 'Noelle', 214, 5, null, 'Beef');
insert into Zwierze (id, imie, klientID, gatunekID, Leki, Alergie)
values (215, 'Ninnette', 215, 5, null, null);
insert into Zwierze (id, imie, klientID, gatunekID, Leki, Alergie)
values (216, 'Odetta', 216, 5, null, null);
insert into Zwierze (id, imie, klientID, gatunekID, Leki, Alergie)
values (217, 'Jerald', 217, 5, null, null);
insert into Zwierze (id, imie, klientID, gatunekID, Leki, Alergie)
values (218, 'Freeland', 218, 5, null, null);
insert into Zwierze (id, imie, klientID, gatunekID, Leki, Alergie)
values (219, 'Angelle', 219, 5, null, null);
insert into Zwierze (id, imie, klientID, gatunekID, Leki, Alergie)
values (220, 'Gilligan', 220, 5, null, null);
insert into Zwierze (id, imie, klientID, gatunekID, Leki, Alergie)
values (221, 'Gay', 221, 5, null, null);
insert into Zwierze (id, imie, klientID, gatunekID, Leki, Alergie)
values (222, 'Norma', 222, 5, null, 'Pecan');
insert into Zwierze (id, imie, klientID, gatunekID, Leki, Alergie)
values (223, 'Atlanta', 223, 5, null, null);
insert into Zwierze (id, imie, klientID, gatunekID, Leki, Alergie)
values (224, 'Jeralee', 224, 5, null, null);
insert into Zwierze (id, imie, klientID, gatunekID, Leki, Alergie)
values (225, 'Neal', 225, 5, null, 'Apple');
insert into Zwierze (id, imie, klientID, gatunekID, Leki, Alergie)
values (226, 'Rog', 226, 5, null, null);
insert into Zwierze (id, imie, klientID, gatunekID, Leki, Alergie)
values (227, 'Andria', 227, 5, null, null);
insert into Zwierze (id, imie, klientID, gatunekID, Leki, Alergie)
values (228, 'Gleda', 228, 5, null, null);
insert into Zwierze (id, imie, klientID, gatunekID, Leki, Alergie)
values (229, 'Shaylah', 229, 5, null, null);
insert into Zwierze (id, imie, klientID, gatunekID, Leki, Alergie)
values (230, 'Annalee', 230, 5, 'POLYETHYLENE GLYCOL 3350', 'Pepper');
insert into Zwierze (id, imie, klientID, gatunekID, Leki, Alergie)
values (231, 'Taddeo', 231, 5, null, null);
insert into Zwierze (id, imie, klientID, gatunekID, Leki, Alergie)
values (232, 'Starlene', 232, 5, null, null);
insert into Zwierze (id, imie, klientID, gatunekID, Leki, Alergie)
values (233, 'Maggie', 233, 5, null, null);
insert into Zwierze (id, imie, klientID, gatunekID, Leki, Alergie)
values (234, 'Berny', 234, 5, null, null);
insert into Zwierze (id, imie, klientID, gatunekID, Leki, Alergie)
values (235, 'Sammy', 235, 5, null, null);
insert into Zwierze (id, imie, klientID, gatunekID, Leki, Alergie)
values (236, 'Karia', 236, 5, null, 'Rice');
insert into Zwierze (id, imie, klientID, gatunekID, Leki, Alergie)
values (237, 'Pippa', 237, 5, null, null);
insert into Zwierze (id, imie, klientID, gatunekID, Leki, Alergie)
values (238, 'Gray', 238, 5, null, null);
insert into Zwierze (id, imie, klientID, gatunekID, Leki, Alergie)
values (239, 'Joanna', 239, 5, null, null);
insert into Zwierze (id, imie, klientID, gatunekID, Leki, Alergie)
values (240, 'Bren', 240, 5, null, null);
insert into Zwierze (id, imie, klientID, gatunekID, Leki, Alergie)
values (241, 'Gardiner', 241, 5, null, null);
insert into Zwierze (id, imie, klientID, gatunekID, Leki, Alergie)
values (242, 'Haley', 242, 5, null, null);
insert into Zwierze (id, imie, klientID, gatunekID, Leki, Alergie)
values (243, 'Godard', 243, 5, null, null);
insert into Zwierze (id, imie, klientID, gatunekID, Leki, Alergie)
values (244, 'Kinna', 244, 5, null, 'Chocolate');
insert into Zwierze (id, imie, klientID, gatunekID, Leki, Alergie)
values (245, 'Franciskus', 245, 5, null, null);
insert into Zwierze (id, imie, klientID, gatunekID, Leki, Alergie)
values (246, 'Athene', 246, 5, null, null);
insert into Zwierze (id, imie, klientID, gatunekID, Leki, Alergie)
values (247, 'Homere', 247, 5, null, null);
insert into Zwierze (id, imie, klientID, gatunekID, Leki, Alergie)
values (248, 'Vanny', 248, 5, 'Titanium Dioxide', null);
insert into Zwierze (id, imie, klientID, gatunekID, Leki, Alergie)
values (249, 'Rakel', 249, 5, null, null);


insert into Zwierze (id, imie, klientID, gatunekID, Leki, Alergie)
values (250, 'Xylia', 150, 6, null, null);
insert into Zwierze (id, imie, klientID, gatunekID, Leki, Alergie)
values (251, 'Hailey', 151, 6, null, null);
insert into Zwierze (id, imie, klientID, gatunekID, Leki, Alergie)
values (252, 'Nyssa', 152, 6, null, null);
insert into Zwierze (id, imie, klientID, gatunekID, Leki, Alergie)
values (253, 'Truda', 153, 6, null, null);
insert into Zwierze (id, imie, klientID, gatunekID, Leki, Alergie)
values (254, 'Alysa', 154, 6, null, null);
insert into Zwierze (id, imie, klientID, gatunekID, Leki, Alergie)
values (255, 'Barbra', 155, 6, null, null);
insert into Zwierze (id, imie, klientID, gatunekID, Leki, Alergie)
values (256, 'Yule', 156, 6, null, null);
insert into Zwierze (id, imie, klientID, gatunekID, Leki, Alergie)
values (257, 'Salome', 157, 6, null, null);
insert into Zwierze (id, imie, klientID, gatunekID, Leki, Alergie)
values (258, 'Christoper', 158, 6, null, null);
insert into Zwierze (id, imie, klientID, gatunekID, Leki, Alergie)
values (259, 'Lorry', 59, 6, null, null);
insert into Zwierze (id, imie, klientID, gatunekID, Leki, Alergie)
values (260, 'Sonja', 60, 6, null, null);
insert into Zwierze (id, imie, klientID, gatunekID, Leki, Alergie)
values (261, 'Glendon', 61, 6, null, null);
insert into Zwierze (id, imie, klientID, gatunekID, Leki, Alergie)
values (262, 'Kenon', 62, 6, null, null);
insert into Zwierze (id, imie, klientID, gatunekID, Leki, Alergie)
values (263, 'Aluin', 63, 6, null, 'Bean');
insert into Zwierze (id, imie, klientID, gatunekID, Leki, Alergie)
values (264, 'Lexine', 64, 6, null, 'Garlic');
insert into Zwierze (id, imie, klientID, gatunekID, Leki, Alergie)
values (265, 'Tess', 65, 6, 'Potassium Chloride', null);
insert into Zwierze (id, imie, klientID, gatunekID, Leki, Alergie)
values (266, 'Evonne', 66, 6, null, null);
insert into Zwierze (id, imie, klientID, gatunekID, Leki, Alergie)
values (267, 'Kevan', 67, 6, null, 'Bread');
insert into Zwierze (id, imie, klientID, gatunekID, Leki, Alergie)
values (268, 'Brand', 168, 6, 'Polyethylene Glycol 3350', null);
insert into Zwierze (id, imie, klientID, gatunekID, Leki, Alergie)
values (269, 'Justina', 169, 6, null, null);
insert into Zwierze (id, imie, klientID, gatunekID, Leki, Alergie)
values (270, 'Cindee', 170, 6, null, null);
insert into Zwierze (id, imie, klientID, gatunekID, Leki, Alergie)
values (271, 'Sinclair', 221, 6, null, null);
insert into Zwierze (id, imie, klientID, gatunekID, Leki, Alergie)
values (272, 'Nico', 250, 6, null, 'Tangerine');
insert into Zwierze (id, imie, klientID, gatunekID, Leki, Alergie)
values (273, 'Lula', 200, 6, null, null);
insert into Zwierze (id, imie, klientID, gatunekID, Leki, Alergie)
values (274, 'Juliana', 174, 6, null, null);
insert into Zwierze (id, imie, klientID, gatunekID, Leki, Alergie)
values (275, 'Teressa', 175, 6, null, null);
insert into Zwierze (id, imie, klientID, gatunekID, Leki, Alergie)
values (276, 'Val', 176, 6, null, null);
insert into Zwierze (id, imie, klientID, gatunekID, Leki, Alergie)
values (277, 'Dyane', 177, 6, null, null);
insert into Zwierze (id, imie, klientID, gatunekID, Leki, Alergie)
values (278, 'Marcelo', 8, 6, null, 'Tomato');
insert into Zwierze (id, imie, klientID, gatunekID, Leki, Alergie)
values (279, 'Keen', 9, 6, null, null);
insert into Zwierze (id, imie, klientID, gatunekID, Leki, Alergie)
values (280, 'Elfrida', 80, 6, null, null);
insert into Zwierze (id, imie, klientID, gatunekID, Leki, Alergie)
values (281, 'Wilhelm', 81, 6, null, null);
insert into Zwierze (id, imie, klientID, gatunekID, Leki, Alergie)
values (282, 'Dorotea', 82, 6, null, 'Beef');
insert into Zwierze (id, imie, klientID, gatunekID, Leki, Alergie)
values (283, 'Katerine', 83, 6, 'Magnesium Citrate', null);
insert into Zwierze (id, imie, klientID, gatunekID, Leki, Alergie)
values (284, 'Kim', 28, 6, null, 'Banana');
insert into Zwierze (id, imie, klientID, gatunekID, Leki, Alergie)
values (285, 'Cammy', 28, 6, null, null);
insert into Zwierze (id, imie, klientID, gatunekID, Leki, Alergie)
values (286, 'Emlynne', 86, 6, 'Olanzapine', 'Cheese');
insert into Zwierze (id, imie, klientID, gatunekID, Leki, Alergie)
values (287, 'Abe', 27, 6, null, null);
insert into Zwierze (id, imie, klientID, gatunekID, Leki, Alergie)
values (288, 'Morris', 88, 6, 'Penicillin V Potassium', null);
insert into Zwierze (id, imie, klientID, gatunekID, Leki, Alergie)
values (289, 'Vivian', 29, 6, null, 'Rhubarb');
insert into Zwierze (id, imie, klientID, gatunekID, Leki, Alergie)
values (290, 'Carr', 29, 6, null, 'Nut');
insert into Zwierze (id, imie, klientID, gatunekID, Leki, Alergie)
values (291, 'Selestina', 91, 6, null, null);
insert into Zwierze (id, imie, klientID, gatunekID, Leki, Alergie)
values (292, 'Cherilyn', 9, 6, null, null);
insert into Zwierze (id, imie, klientID, gatunekID, Leki, Alergie)
values (293, 'Gunther', 3, 6, 'Clonidine', 'Orange');
insert into Zwierze (id, imie, klientID, gatunekID, Leki, Alergie)
values (294, 'Hendrik', 4, 6, null, null);
insert into Zwierze (id, imie, klientID, gatunekID, Leki, Alergie)
values (295, 'Mannie', 5, 6, null, null);
insert into Zwierze (id, imie, klientID, gatunekID, Leki, Alergie)
values (296, 'Chaddie', 6, 6, null, null);
insert into Zwierze (id, imie, klientID, gatunekID, Leki, Alergie)
values (297, 'Claybourne', 7, 6, null, null);
insert into Zwierze (id, imie, klientID, gatunekID, Leki, Alergie)
values (298, 'Jobye', 8, 6, null, 'Pineapple');
insert into Zwierze (id, imie, klientID, gatunekID, Leki, Alergie)
values (299, 'Charleen', 9, 6, null, 'Salmon');
insert into Zwierze (id, imie, klientID, gatunekID, Leki, Alergie)
values (300, 'Fanni', 30, 6, null, null);


insert into Rezerwacja (id, zwierzeID, termin, czasPobytu, kosztPobytu, statusRezerwacjiID)
values (1, 1, '2022/04/09', 3, 185, 2);
insert into Rezerwacja (id, zwierzeID, termin, czasPobytu, kosztPobytu, statusRezerwacjiID)
values (2, 2, '2021/09/05', 3, 185, 2);
insert into Rezerwacja (id, zwierzeID, termin, czasPobytu, kosztPobytu, statusRezerwacjiID)
values (3, 3, '2022/03/20', 1, 85, 2);
insert into Rezerwacja (id, zwierzeID, termin, czasPobytu, kosztPobytu, statusRezerwacjiID)
values (4, 4, '2022/07/01', 4, 285, 2);
insert into Rezerwacja (id, zwierzeID, termin, czasPobytu, kosztPobytu, statusRezerwacjiID)
values (5, 5, '2022/04/02', 1, 85, 2);
insert into Rezerwacja (id, zwierzeID, termin, czasPobytu, kosztPobytu, statusRezerwacjiID)
values (6, 6, '2022/04/23', 3, 150, 2);
insert into Rezerwacja (id, zwierzeID, termin, czasPobytu, kosztPobytu, statusRezerwacjiID)
values (7, 7, '2022/05/22', 1, 50, 2);
insert into Rezerwacja (id, zwierzeID, termin, czasPobytu, kosztPobytu, statusRezerwacjiID)
values (8, 8, '2022/06/05', 3, 150, 2);
insert into Rezerwacja (id, zwierzeID, termin, czasPobytu, kosztPobytu, statusRezerwacjiID)
values (9, 9, '2021/11/18', 1, 50, 2);
insert into Rezerwacja (id, zwierzeID, termin, czasPobytu, kosztPobytu, statusRezerwacjiID)
values (10, 10, '2022/03/08', 4, 200, 2);
insert into Rezerwacja (id, zwierzeID, termin, czasPobytu, kosztPobytu, statusRezerwacjiID)
values (11, 11, '2022/06/02', 3, 150, 2);
insert into Rezerwacja (id, zwierzeID, termin, czasPobytu, kosztPobytu, statusRezerwacjiID)
values (12, 12, '2021/11/09', 3, 150, 2);
insert into Rezerwacja (id, zwierzeID, termin, czasPobytu, kosztPobytu, statusRezerwacjiID)
values (13, 13, '2021/11/17', 4, 200, 2);
insert into Rezerwacja (id, zwierzeID, termin, czasPobytu, kosztPobytu, statusRezerwacjiID)
values (14, 14, '2022/03/02', 1, 50, 2);
insert into Rezerwacja (id, zwierzeID, termin, czasPobytu, kosztPobytu, statusRezerwacjiID)
values (15, 15, '2022/10/01', 1, 50, 2);
insert into Rezerwacja (id, zwierzeID, termin, czasPobytu, kosztPobytu, statusRezerwacjiID)
values (16, 16, '2021/10/30', 4, 200, 2);
insert into Rezerwacja (id, zwierzeID, termin, czasPobytu, kosztPobytu, statusRezerwacjiID)
values (17, 17, '2022/05/20', 4, 200, 2);
insert into Rezerwacja (id, zwierzeID, termin, czasPobytu, kosztPobytu, statusRezerwacjiID)
values (18, 18, '2022/07/22', 1, 50, 2);
insert into Rezerwacja (id, zwierzeID, termin, czasPobytu, kosztPobytu, statusRezerwacjiID)
values (19, 19, '2022/02/15', 3, 150, 2);
insert into Rezerwacja (id, zwierzeID, termin, czasPobytu, kosztPobytu, statusRezerwacjiID)
values (20, 20, '2022/10/10', 2, 135, 2);
insert into Rezerwacja (id, zwierzeID, termin, czasPobytu, kosztPobytu, statusRezerwacjiID)
values (21, 21, '2021/12/08', 1, 85, 2);
insert into Rezerwacja (id, zwierzeID, termin, czasPobytu, kosztPobytu, statusRezerwacjiID)
values (22, 22, '2022/01/11', 1, 85, 2);
insert into Rezerwacja (id, zwierzeID, termin, czasPobytu, kosztPobytu, statusRezerwacjiID)
values (23, 23, '2022/06/20', 1, 85, 2);
insert into Rezerwacja (id, zwierzeID, termin, czasPobytu, kosztPobytu, statusRezerwacjiID)
values (24, 24, '2022/05/13', 1, 85, 2);
insert into Rezerwacja (id, zwierzeID, termin, czasPobytu, kosztPobytu, statusRezerwacjiID)
values (25, 25, '2021/12/17', 4, 235, 2);
insert into Rezerwacja (id, zwierzeID, termin, czasPobytu, kosztPobytu, statusRezerwacjiID)
values (26, 26, '2022/02/16', 3, 185, 2);
insert into Rezerwacja (id, zwierzeID, termin, czasPobytu, kosztPobytu, statusRezerwacjiID)
values (27, 27, '2022/08/20', 3, 185, 2);
insert into Rezerwacja (id, zwierzeID, termin, czasPobytu, kosztPobytu, statusRezerwacjiID)
values (28, 28, '2022/04/07', 3, 185, 2);
insert into Rezerwacja (id, zwierzeID, termin, czasPobytu, kosztPobytu, statusRezerwacjiID)
values (29, 29, '2022/04/05', 3, 185, 2);
insert into Rezerwacja (id, zwierzeID, termin, czasPobytu, kosztPobytu, statusRezerwacjiID)
values (30, 30, '2021/10/06', 4, 235, 2);
insert into Rezerwacja (id, zwierzeID, termin, czasPobytu, kosztPobytu, statusRezerwacjiID)
values (31, 31, '2022/07/01', 4, 200, 2);
insert into Rezerwacja (id, zwierzeID, termin, czasPobytu, kosztPobytu, statusRezerwacjiID)
values (32, 32, '2021/12/02', 1, 50, 2);
insert into Rezerwacja (id, zwierzeID, termin, czasPobytu, kosztPobytu, statusRezerwacjiID)
values (33, 33, '2021/12/06', 1, 50, 2);
insert into Rezerwacja (id, zwierzeID, termin, czasPobytu, kosztPobytu, statusRezerwacjiID)
values (34, 34, '2022/05/13', 4, 200, 2);
insert into Rezerwacja (id, zwierzeID, termin, czasPobytu, kosztPobytu, statusRezerwacjiID)
values (35, 35, '2022/05/20', 1, 50, 2);
insert into Rezerwacja (id, zwierzeID, termin, czasPobytu, kosztPobytu, statusRezerwacjiID)
values (36, 36, '2022/02/21', 3, 185, 2);
insert into Rezerwacja (id, zwierzeID, termin, czasPobytu, kosztPobytu, statusRezerwacjiID)
values (37, 37, '2022/05/05', 3, 185, 2);
insert into Rezerwacja (id, zwierzeID, termin, czasPobytu, kosztPobytu, statusRezerwacjiID)
values (38, 38, '2021/12/16', 1, 85, 2);
insert into Rezerwacja (id, zwierzeID, termin, czasPobytu, kosztPobytu, statusRezerwacjiID)
values (39, 39, '2022/07/04', 3, 185, 2);
insert into Rezerwacja (id, zwierzeID, termin, czasPobytu, kosztPobytu, statusRezerwacjiID)
values (40, 40, '2022/05/04', 4, 235, 2);
insert into Rezerwacja (id, zwierzeID, termin, czasPobytu, kosztPobytu, statusRezerwacjiID)
values (41, 41, '2022/05/07', 3, 185, 2);
insert into Rezerwacja (id, zwierzeID, termin, czasPobytu, kosztPobytu, statusRezerwacjiID)
values (42, 42, '2022/03/04', 3, 185, 2);
insert into Rezerwacja (id, zwierzeID, termin, czasPobytu, kosztPobytu, statusRezerwacjiID)
values (43, 43, '2021/12/08', 3, 185, 2);
insert into Rezerwacja (id, zwierzeID, termin, czasPobytu, kosztPobytu, statusRezerwacjiID)
values (44, 44, '2022/04/29', 1, 85, 3);
insert into Rezerwacja (id, zwierzeID, termin, czasPobytu, kosztPobytu, statusRezerwacjiID)
values (45, 45, '2021/09/30', 4, 200, 2);
insert into Rezerwacja (id, zwierzeID, termin, czasPobytu, kosztPobytu, statusRezerwacjiID)
values (46, 46, '2022/09/19', 2, 100, 2);
insert into Rezerwacja (id, zwierzeID, termin, czasPobytu, kosztPobytu, statusRezerwacjiID)
values (47, 47, '2022/04/16', 3, 150, 2);
insert into Rezerwacja (id, zwierzeID, termin, czasPobytu, kosztPobytu, statusRezerwacjiID)
values (48, 48, '2022/02/25', 1, 50, 2);
insert into Rezerwacja (id, zwierzeID, termin, czasPobytu, kosztPobytu, statusRezerwacjiID)
values (49, 49, '2022/01/22', 2, 100, 2);



insert into Rezerwacja (id, zwierzeID, termin, czasPobytu, kosztPobytu, statusRezerwacjiID)
values (50, 50, '2022/01/24', 2, 90, 2);
insert into Rezerwacja (id, zwierzeID, termin, czasPobytu, kosztPobytu, statusRezerwacjiID)
values (51, 51, '2022/09/05', 3, 120, 2);
insert into Rezerwacja (id, zwierzeID, termin, czasPobytu, kosztPobytu, statusRezerwacjiID)
values (52, 52, '2021/12/19', 5, 180, 2);
insert into Rezerwacja (id, zwierzeID, termin, czasPobytu, kosztPobytu, statusRezerwacjiID)
values (53, 53, '2022/03/17', 3, 120, 2);
insert into Rezerwacja (id, zwierzeID, termin, czasPobytu, kosztPobytu, statusRezerwacjiID)
values (54, 54, '2021/11/18', 2, 90, 2);
insert into Rezerwacja (id, zwierzeID, termin, czasPobytu, kosztPobytu, statusRezerwacjiID)
values (55, 55, '2021/10/19', 1, 60, 2);
insert into Rezerwacja (id, zwierzeID, termin, czasPobytu, kosztPobytu, statusRezerwacjiID)
values (56, 56, '2021/12/20', 3, 90, 2);
insert into Rezerwacja (id, zwierzeID, termin, czasPobytu, kosztPobytu, statusRezerwacjiID)
values (57, 57, '2022/02/07', 3, 90, 2);
insert into Rezerwacja (id, zwierzeID, termin, czasPobytu, kosztPobytu, statusRezerwacjiID)
values (58, 58, '2021/09/13', 1, 30, 2);
insert into Rezerwacja (id, zwierzeID, termin, czasPobytu, kosztPobytu, statusRezerwacjiID)
values (59, 59, '2022/04/19', 4, 120, 2);
insert into Rezerwacja (id, zwierzeID, termin, czasPobytu, kosztPobytu, statusRezerwacjiID)
values (60, 60, '2021/09/07', 1, 30, 2);
insert into Rezerwacja (id, zwierzeID, termin, czasPobytu, kosztPobytu, statusRezerwacjiID)
values (61, 61, '2022/01/02', 3, 90, 2);
insert into Rezerwacja (id, zwierzeID, termin, czasPobytu, kosztPobytu, statusRezerwacjiID)
values (62, 62, '2022/09/17', 1, 30, 2);
insert into Rezerwacja (id, zwierzeID, termin, czasPobytu, kosztPobytu, statusRezerwacjiID)
values (63, 63, '2021/09/24', 2, 60, 2);
insert into Rezerwacja (id, zwierzeID, termin, czasPobytu, kosztPobytu, statusRezerwacjiID)
values (64, 64, '2022/02/06', 5, 150, 2);
insert into Rezerwacja (id, zwierzeID, termin, czasPobytu, kosztPobytu, statusRezerwacjiID)
values (65, 65, '2022/05/12', 2, 60, 2);
insert into Rezerwacja (id, zwierzeID, termin, czasPobytu, kosztPobytu, statusRezerwacjiID)
values (66, 66, '2021/12/31', 1, 60, 2);
insert into Rezerwacja (id, zwierzeID, termin, czasPobytu, kosztPobytu, statusRezerwacjiID)
values (67, 67, '2022/10/12', 3, 120, 2);
insert into Rezerwacja (id, zwierzeID, termin, czasPobytu, kosztPobytu, statusRezerwacjiID)
values (68, 68, '2021/12/13', 5, 180, 2);
insert into Rezerwacja (id, zwierzeID, termin, czasPobytu, kosztPobytu, statusRezerwacjiID)
values (69, 69, '2022/04/06', 5, 180, 3);
insert into Rezerwacja (id, zwierzeID, termin, czasPobytu, kosztPobytu, statusRezerwacjiID)
values (70, 70, '2022/04/06', 5, 180, 2);
insert into Rezerwacja (id, zwierzeID, termin, czasPobytu, kosztPobytu, statusRezerwacjiID)
values (71, 71, '2021/10/19', 1, 60, 3);
insert into Rezerwacja (id, zwierzeID, termin, czasPobytu, kosztPobytu, statusRezerwacjiID)
values (72, 72, '2022/04/17', 4, 150, 2);
insert into Rezerwacja (id, zwierzeID, termin, czasPobytu, kosztPobytu, statusRezerwacjiID)
values (73, 73, '2022/08/19', 3, 120, 2);
insert into Rezerwacja (id, zwierzeID, termin, czasPobytu, kosztPobytu, statusRezerwacjiID)
values (74, 74, '2021/11/26', 5, 180, 2);
insert into Rezerwacja (id, zwierzeID, termin, czasPobytu, kosztPobytu, statusRezerwacjiID)
values (75, 75, '2022/01/23', 3, 120, 2);
insert into Rezerwacja (id, zwierzeID, termin, czasPobytu, kosztPobytu, statusRezerwacjiID)
values (76, 76, '2021/10/04', 4, 120, 2);
insert into Rezerwacja (id, zwierzeID, termin, czasPobytu, kosztPobytu, statusRezerwacjiID)
values (77, 77, '2021/12/03', 2, 60, 3);
insert into Rezerwacja (id, zwierzeID, termin, czasPobytu, kosztPobytu, statusRezerwacjiID)
values (78, 78, '2022/01/30', 1, 30, 2);
insert into Rezerwacja (id, zwierzeID, termin, czasPobytu, kosztPobytu, statusRezerwacjiID)
values (79, 79, '2022/07/24', 3, 90, 2);
insert into Rezerwacja (id, zwierzeID, termin, czasPobytu, kosztPobytu, statusRezerwacjiID)
values (80, 80, '2022/01/17', 1, 30, 2);
insert into Rezerwacja (id, zwierzeID, termin, czasPobytu, kosztPobytu, statusRezerwacjiID)
values (81, 81, '2022/09/29', 3, 90, 2);
insert into Rezerwacja (id, zwierzeID, termin, czasPobytu, kosztPobytu, statusRezerwacjiID)
values (82, 82, '2022/08/15', 1, 30, 2);
insert into Rezerwacja (id, zwierzeID, termin, czasPobytu, kosztPobytu, statusRezerwacjiID)
values (83, 83, '2022/03/28', 5, 150, 2);
insert into Rezerwacja (id, zwierzeID, termin, czasPobytu, kosztPobytu, statusRezerwacjiID)
values (84, 84, '2022/03/22', 1, 30, 2);
insert into Rezerwacja (id, zwierzeID, termin, czasPobytu, kosztPobytu, statusRezerwacjiID)
values (85, 85, '2022/09/21', 2, 90, 2);
insert into Rezerwacja (id, zwierzeID, termin, czasPobytu, kosztPobytu, statusRezerwacjiID)
values (86, 86, '2022/01/08', 5, 180, 2);
insert into Rezerwacja (id, zwierzeID, termin, czasPobytu, kosztPobytu, statusRezerwacjiID)
values (87, 87, '2022/07/17', 5, 180, 2);
insert into Rezerwacja (id, zwierzeID, termin, czasPobytu, kosztPobytu, statusRezerwacjiID)
values (88, 88, '2021/11/24', 1, 60, 2);
insert into Rezerwacja (id, zwierzeID, termin, czasPobytu, kosztPobytu, statusRezerwacjiID)
values (89, 89, '2022/02/01', 2, 90, 2);
insert into Rezerwacja (id, zwierzeID, termin, czasPobytu, kosztPobytu, statusRezerwacjiID)
values (90, 80, '2022/07/15', 5, 180, 2);
insert into Rezerwacja (id, zwierzeID, termin, czasPobytu, kosztPobytu, statusRezerwacjiID)
values (91, 81, '2022/10/20', 5, 180, 2);
insert into Rezerwacja (id, zwierzeID, termin, czasPobytu, kosztPobytu, statusRezerwacjiID)
values (92, 82, '2022/04/12', 5, 180, 2);
insert into Rezerwacja (id, zwierzeID, termin, czasPobytu, kosztPobytu, statusRezerwacjiID)
values (93, 83, '2022/04/02', 1, 60, 2);
insert into Rezerwacja (id, zwierzeID, termin, czasPobytu, kosztPobytu, statusRezerwacjiID)
values (94, 84, '2022/05/12', 4, 120, 2);
insert into Rezerwacja (id, zwierzeID, termin, czasPobytu, kosztPobytu, statusRezerwacjiID)
values (95, 45, '2021/11/11', 4, 120, 2);
insert into Rezerwacja (id, zwierzeID, termin, czasPobytu, kosztPobytu, statusRezerwacjiID)
values (96, 46, '2022/02/09', 2, 60, 2);
insert into Rezerwacja (id, zwierzeID, termin, czasPobytu, kosztPobytu, statusRezerwacjiID)
values (97, 47, '2021/11/19', 4, 120, 2);
insert into Rezerwacja (id, zwierzeID, termin, czasPobytu, kosztPobytu, statusRezerwacjiID)
values (98, 48, '2022/02/28', 5, 150, 2);
insert into Rezerwacja (id, zwierzeID, termin, czasPobytu, kosztPobytu, statusRezerwacjiID)
values (99, 49, '2022/05/28', 1, 30, 3);



insert into Rezerwacja (id, zwierzeID, termin, czasPobytu, kosztPobytu, statusRezerwacjiID)
values (100, 100, '2022/03/22', 5, 125, 2);
insert into Rezerwacja (id, zwierzeID, termin, czasPobytu, kosztPobytu, statusRezerwacjiID)
values (101, 101, '2022/02/22', 3, 75, 2);
insert into Rezerwacja (id, zwierzeID, termin, czasPobytu, kosztPobytu, statusRezerwacjiID)
values (102, 102, '2022/07/31', 2, 50, 2);
insert into Rezerwacja (id, zwierzeID, termin, czasPobytu, kosztPobytu, statusRezerwacjiID)
values (103, 103, '2021/11/28', 4, 100, 2);
insert into Rezerwacja (id, zwierzeID, termin, czasPobytu, kosztPobytu, statusRezerwacjiID)
values (104, 104, '2022/07/16', 2, 50, 2);
insert into Rezerwacja (id, zwierzeID, termin, czasPobytu, kosztPobytu, statusRezerwacjiID)
values (105, 105, '2022/05/01', 4, 100, 2);
insert into Rezerwacja (id, zwierzeID, termin, czasPobytu, kosztPobytu, statusRezerwacjiID)
values (106, 106, '2021/11/10', 5, 125, 2);
insert into Rezerwacja (id, zwierzeID, termin, czasPobytu, kosztPobytu, statusRezerwacjiID)
values (107, 107, '2022/04/03', 3, 75, 2);
insert into Rezerwacja (id, zwierzeID, termin, czasPobytu, kosztPobytu, statusRezerwacjiID)
values (108, 109, '2021/10/25', 2, 50, 2);
insert into Rezerwacja (id, zwierzeID, termin, czasPobytu, kosztPobytu, statusRezerwacjiID)
values (110, 110, '2021/10/26', 1, 25, 2);
insert into Rezerwacja (id, zwierzeID, termin, czasPobytu, kosztPobytu, statusRezerwacjiID)
values (111, 111, '2022/10/05', 4, 100, 2);
insert into Rezerwacja (id, zwierzeID, termin, czasPobytu, kosztPobytu, statusRezerwacjiID)
values (112, 112, '2021/11/22', 3, 75, 2);
insert into Rezerwacja (id, zwierzeID, termin, czasPobytu, kosztPobytu, statusRezerwacjiID)
values (113, 113, '2022/01/08', 2, 50, 2);
insert into Rezerwacja (id, zwierzeID, termin, czasPobytu, kosztPobytu, statusRezerwacjiID)
values (114, 114, '2022/02/21', 4, 100, 2);
insert into Rezerwacja (id, zwierzeID, termin, czasPobytu, kosztPobytu, statusRezerwacjiID)
values (115, 115, '2022/04/15', 4, 100, 2);
insert into Rezerwacja (id, zwierzeID, termin, czasPobytu, kosztPobytu, statusRezerwacjiID)
values (116, 116, '2021/11/11', 3, 75, 2);
insert into Rezerwacja (id, zwierzeID, termin, czasPobytu, kosztPobytu, statusRezerwacjiID)
values (117, 117, '2022/02/25', 3, 75, 2);
insert into Rezerwacja (id, zwierzeID, termin, czasPobytu, kosztPobytu, statusRezerwacjiID)
values (118, 118, '2022/05/19', 1, 25, 2);
insert into Rezerwacja (id, zwierzeID, termin, czasPobytu, kosztPobytu, statusRezerwacjiID)
values (119, 119, '2022/04/22', 5, 125, 2);
insert into Rezerwacja (id, zwierzeID, termin, czasPobytu, kosztPobytu, statusRezerwacjiID)
values (120, 120, '2022/07/27', 2, 90, 3);
insert into Rezerwacja (id, zwierzeID, termin, czasPobytu, kosztPobytu, statusRezerwacjiID)
values (121, 121, '2022/02/08', 1, 65, 2);
insert into Rezerwacja (id, zwierzeID, termin, czasPobytu, kosztPobytu, statusRezerwacjiID)
values (122, 122, '2022/03/21', 1, 65, 2);
insert into Rezerwacja (id, zwierzeID, termin, czasPobytu, kosztPobytu, statusRezerwacjiID)
values (123, 123, '2022/09/20', 1, 65, 2);
insert into Rezerwacja (id, zwierzeID, termin, czasPobytu, kosztPobytu, statusRezerwacjiID)
values (124, 124, '2022/04/11', 5, 165, 2);
insert into Rezerwacja (id, zwierzeID, termin, czasPobytu, kosztPobytu, statusRezerwacjiID)
values (125, 125, '2022/04/12', 1, 65, 2);
insert into Rezerwacja (id, zwierzeID, termin, czasPobytu, kosztPobytu, statusRezerwacjiID)
values (126, 126, '2021/10/26', 5, 165, 2);
insert into Rezerwacja (id, zwierzeID, termin, czasPobytu, kosztPobytu, statusRezerwacjiID)
values (127, 127, '2022/10/05', 2, 90, 2);
insert into Rezerwacja (id, zwierzeID, termin, czasPobytu, kosztPobytu, statusRezerwacjiID)
values (128, 128, '2022/08/06', 5, 165, 2);
insert into Rezerwacja (id, zwierzeID, termin, czasPobytu, kosztPobytu, statusRezerwacjiID)
values (129, 129, '2021/12/09', 4, 140, 2);
insert into Rezerwacja (id, zwierzeID, termin, czasPobytu, kosztPobytu, statusRezerwacjiID)
values (130, 130, '2022/04/13', 3, 75, 2);
insert into Rezerwacja (id, zwierzeID, termin, czasPobytu, kosztPobytu, statusRezerwacjiID)
values (131, 131, '2021/12/24', 2, 50, 2);
insert into Rezerwacja (id, zwierzeID, termin, czasPobytu, kosztPobytu, statusRezerwacjiID)
values (132, 132, '2022/06/18', 3, 75, 2);
insert into Rezerwacja (id, zwierzeID, termin, czasPobytu, kosztPobytu, statusRezerwacjiID)
values (133, 133, '2022/07/28', 3, 75, 2);
insert into Rezerwacja (id, zwierzeID, termin, czasPobytu, kosztPobytu, statusRezerwacjiID)
values (134, 134, '2022/03/27', 2, 50, 2);
insert into Rezerwacja (id, zwierzeID, termin, czasPobytu, kosztPobytu, statusRezerwacjiID)
values (135, 135, '2022/09/22', 2, 50, 3);
insert into Rezerwacja (id, zwierzeID, termin, czasPobytu, kosztPobytu, statusRezerwacjiID)
values (136, 136, '2022/08/24', 4, 100, 2);
insert into Rezerwacja (id, zwierzeID, termin, czasPobytu, kosztPobytu, statusRezerwacjiID)
values (137, 137, '2021/09/16', 4, 100, 2);
insert into Rezerwacja (id, zwierzeID, termin, czasPobytu, kosztPobytu, statusRezerwacjiID)
values (138, 138, '2021/09/24', 5, 125, 2);
insert into Rezerwacja (id, zwierzeID, termin, czasPobytu, kosztPobytu, statusRezerwacjiID)
values (139, 139, '2022/01/23', 3, 75, 2);
insert into Rezerwacja (id, zwierzeID, termin, czasPobytu, kosztPobytu, statusRezerwacjiID)
values (140, 140, '2021/11/15', 4, 100, 2);
insert into Rezerwacja (id, zwierzeID, termin, czasPobytu, kosztPobytu, statusRezerwacjiID)
values (141, 141, '2022/08/30', 2, 50, 2);
insert into Rezerwacja (id, zwierzeID, termin, czasPobytu, kosztPobytu, statusRezerwacjiID)
values (142, 142, '2022/04/16', 3, 75, 2);
insert into Rezerwacja (id, zwierzeID, termin, czasPobytu, kosztPobytu, statusRezerwacjiID)
values (143, 143, '2022/09/03', 2, 50, 2);
insert into Rezerwacja (id, zwierzeID, termin, czasPobytu, kosztPobytu, statusRezerwacjiID)
values (144, 144, '2022/03/24', 1, 25, 2);
insert into Rezerwacja (id, zwierzeID, termin, czasPobytu, kosztPobytu, statusRezerwacjiID)
values (145, 145, '2022/03/20', 5, 125, 2);
insert into Rezerwacja (id, zwierzeID, termin, czasPobytu, kosztPobytu, statusRezerwacjiID)
values (146, 146, '2022/01/03', 5, 125, 2);
insert into Rezerwacja (id, zwierzeID, termin, czasPobytu, kosztPobytu, statusRezerwacjiID)
values (147, 147, '2022/07/27', 5, 125, 2);
insert into Rezerwacja (id, zwierzeID, termin, czasPobytu, kosztPobytu, statusRezerwacjiID)
values (148, 148, '2022/10/23', 4, 100, 2);
insert into Rezerwacja (id, zwierzeID, termin, czasPobytu, kosztPobytu, statusRezerwacjiID)
values (149, 149, '2022/04/18', 3, 75, 2);

insert into Rezerwacja (id, zwierzeID, termin, czasPobytu, kosztPobytu, statusRezerwacjiID)
values (150, 150, '2022/01/07', 1, 65, 2);
insert into Rezerwacja (id, zwierzeID, termin, czasPobytu, kosztPobytu, statusRezerwacjiID)
values (151, 151, '2021/12/03', 4, 12, 2);
insert into Rezerwacja (id, zwierzeID, termin, czasPobytu, kosztPobytu, statusRezerwacjiID)
values (152, 152, '2022/02/26', 3, 105, 2);
insert into Rezerwacja (id, zwierzeID, termin, czasPobytu, kosztPobytu, statusRezerwacjiID)
values (153, 153, '2022/10/09', 5, 145, 2);
insert into Rezerwacja (id, zwierzeID, termin, czasPobytu, kosztPobytu, statusRezerwacjiID)
values (154, 154, '2021/10/02', 5, 145, 2);
insert into Rezerwacja (id, zwierzeID, termin, czasPobytu, kosztPobytu, statusRezerwacjiID)
values (155, 155, '2022/08/13', 3, 105, 2);
insert into Rezerwacja (id, zwierzeID, termin, czasPobytu, kosztPobytu, statusRezerwacjiID)
values (156, 156, '2022/07/25', 5, 145, 2);
insert into Rezerwacja (id, zwierzeID, termin, czasPobytu, kosztPobytu, statusRezerwacjiID)
values (157, 157, '2022/04/08', 5, 145, 2);
insert into Rezerwacja (id, zwierzeID, termin, czasPobytu, kosztPobytu, statusRezerwacjiID)
values (158, 158, '2022/05/13', 1, 65, 2);
insert into Rezerwacja (id, zwierzeID, termin, czasPobytu, kosztPobytu, statusRezerwacjiID)
values (159, 159, '2022/10/14', 3, 105, 2);
insert into Rezerwacja (id, zwierzeID, termin, czasPobytu, kosztPobytu, statusRezerwacjiID)
values (160, 160, '2022/09/09', 3, 105, 2);
insert into Rezerwacja (id, zwierzeID, termin, czasPobytu, kosztPobytu, statusRezerwacjiID)
values (161, 161, '2021/12/08', 5, 100, 2);
insert into Rezerwacja (id, zwierzeID, termin, czasPobytu, kosztPobytu, statusRezerwacjiID)
values (162, 162, '2022/06/10', 1, 20, 2);
insert into Rezerwacja (id, zwierzeID, termin, czasPobytu, kosztPobytu, statusRezerwacjiID)
values (163, 163, '2021/09/11', 5, 100, 2);
insert into Rezerwacja (id, zwierzeID, termin, czasPobytu, kosztPobytu, statusRezerwacjiID)
values (164, 164, '2022/07/05', 2, 40, 2);
insert into Rezerwacja (id, zwierzeID, termin, czasPobytu, kosztPobytu, statusRezerwacjiID)
values (165, 165, '2022/06/15', 3, 60, 2);
insert into Rezerwacja (id, zwierzeID, termin, czasPobytu, kosztPobytu, statusRezerwacjiID)
values (166, 166, '2021/09/01', 1, 20, 2);
insert into Rezerwacja (id, zwierzeID, termin, czasPobytu, kosztPobytu, statusRezerwacjiID)
values (167, 167, '2022/04/11', 5, 100, 2);
insert into Rezerwacja (id, zwierzeID, termin, czasPobytu, kosztPobytu, statusRezerwacjiID)
values (168, 168, '2021/09/19', 5, 100, 2);
insert into Rezerwacja (id, zwierzeID, termin, czasPobytu, kosztPobytu, statusRezerwacjiID)
values (169, 169, '2022/02/18', 2, 40, 2);
insert into Rezerwacja (id, zwierzeID, termin, czasPobytu, kosztPobytu, statusRezerwacjiID)
values (170, 170, '2022/06/19', 3, 60, 2);
insert into Rezerwacja (id, zwierzeID, termin, czasPobytu, kosztPobytu, statusRezerwacjiID)
values (171, 171, '2022/06/04', 4, 80, 2);
insert into Rezerwacja (id, zwierzeID, termin, czasPobytu, kosztPobytu, statusRezerwacjiID)
values (172, 172, '2022/04/20', 3, 60, 2);
insert into Rezerwacja (id, zwierzeID, termin, czasPobytu, kosztPobytu, statusRezerwacjiID)
values (173, 173, '2022/10/14', 5, 100, 2);
insert into Rezerwacja (id, zwierzeID, termin, czasPobytu, kosztPobytu, statusRezerwacjiID)
values (174, 174, '2022/09/07', 5, 100, 2);
insert into Rezerwacja (id, zwierzeID, termin, czasPobytu, kosztPobytu, statusRezerwacjiID)
values (175, 175, '2022/06/14', 3, 60, 2);
insert into Rezerwacja (id, zwierzeID, termin, czasPobytu, kosztPobytu, statusRezerwacjiID)
values (176, 176, '2022/03/14', 3, 60, 2);
insert into Rezerwacja (id, zwierzeID, termin, czasPobytu, kosztPobytu, statusRezerwacjiID)
values (177, 177, '2022/08/13', 5, 100, 2);
insert into Rezerwacja (id, zwierzeID, termin, czasPobytu, kosztPobytu, statusRezerwacjiID)
values (178, 178, '2021/12/24', 2, 40, 2);
insert into Rezerwacja (id, zwierzeID, termin, czasPobytu, kosztPobytu, statusRezerwacjiID)
values (179, 179, '2022/02/19', 2, 40, 2);
insert into Rezerwacja (id, zwierzeID, termin, czasPobytu, kosztPobytu, statusRezerwacjiID)
values (180, 180, '2021/09/13', 2, 40, 2);
insert into Rezerwacja (id, zwierzeID, termin, czasPobytu, kosztPobytu, statusRezerwacjiID)
values (181, 181, '2022/08/21', 3, 60, 2);
insert into Rezerwacja (id, zwierzeID, termin, czasPobytu, kosztPobytu, statusRezerwacjiID)
values (182, 182, '2022/06/19', 5, 100, 2);
insert into Rezerwacja (id, zwierzeID, termin, czasPobytu, kosztPobytu, statusRezerwacjiID)
values (183, 183, '2022/05/21', 2, 40, 2);
insert into Rezerwacja (id, zwierzeID, termin, czasPobytu, kosztPobytu, statusRezerwacjiID)
values (184, 184, '2022/05/22', 1, 20, 2);
insert into Rezerwacja (id, zwierzeID, termin, czasPobytu, kosztPobytu, statusRezerwacjiID)
values (185, 185, '2021/10/06', 2, 40, 2);
insert into Rezerwacja (id, zwierzeID, termin, czasPobytu, kosztPobytu, statusRezerwacjiID)
values (186, 186, '2021/09/16', 4, 80, 2);
insert into Rezerwacja (id, zwierzeID, termin, czasPobytu, kosztPobytu, statusRezerwacjiID)
values (187, 187, '2022/10/08', 4, 80, 2);
insert into Rezerwacja (id, zwierzeID, termin, czasPobytu, kosztPobytu, statusRezerwacjiID)
values (188, 188, '2021/10/02', 5, 100, 2);
insert into Rezerwacja (id, zwierzeID, termin, czasPobytu, kosztPobytu, statusRezerwacjiID)
values (189, 189, '2022/04/22', 2, 40, 2);
insert into Rezerwacja (id, zwierzeID, termin, czasPobytu, kosztPobytu, statusRezerwacjiID)
values (190, 190, '2022/10/06', 3, 60, 2);
insert into Rezerwacja (id, zwierzeID, termin, czasPobytu, kosztPobytu, statusRezerwacjiID)
values (191, 191, '2021/09/23', 1, 20, 2);
insert into Rezerwacja (id, zwierzeID, termin, czasPobytu, kosztPobytu, statusRezerwacjiID)
values (192, 192, '2022/01/01', 5, 100, 3);
insert into Rezerwacja (id, zwierzeID, termin, czasPobytu, kosztPobytu, statusRezerwacjiID)
values (193, 193, '2021/10/15', 5, 100, 2);
insert into Rezerwacja (id, zwierzeID, termin, czasPobytu, kosztPobytu, statusRezerwacjiID)
values (194, 194, '2022/04/07', 5, 100, 2);
insert into Rezerwacja (id, zwierzeID, termin, czasPobytu, kosztPobytu, statusRezerwacjiID)
values (195, 195, '2022/04/06', 2, 40, 2);
insert into Rezerwacja (id, zwierzeID, termin, czasPobytu, kosztPobytu, statusRezerwacjiID)
values (196, 196, '2022/07/02', 3, 60, 2);
insert into Rezerwacja (id, zwierzeID, termin, czasPobytu, kosztPobytu, statusRezerwacjiID)
values (197, 197, '2022/01/28', 3, 60, 2);
insert into Rezerwacja (id, zwierzeID, termin, czasPobytu, kosztPobytu, statusRezerwacjiID)
values (198, 198, '2022/09/19', 3, 60, 2);
insert into Rezerwacja (id, zwierzeID, termin, czasPobytu, kosztPobytu, statusRezerwacjiID)
values (199, 199, '2021/10/09', 4, 80, 2);

insert into Rezerwacja (id, zwierzeID, termin, czasPobytu, kosztPobytu, statusRezerwacjiID)
values (200, 200, '2022/08/26', 3, 75, 2);
insert into Rezerwacja (id, zwierzeID, termin, czasPobytu, kosztPobytu, statusRezerwacjiID)
values (201, 201, '2021/10/29', 3, 75, 2);
insert into Rezerwacja (id, zwierzeID, termin, czasPobytu, kosztPobytu, statusRezerwacjiID)
values (202, 202, '2022/01/09', 1, 25, 2);
insert into Rezerwacja (id, zwierzeID, termin, czasPobytu, kosztPobytu, statusRezerwacjiID)
values (203, 203, '2022/09/25', 5, 125, 2);
insert into Rezerwacja (id, zwierzeID, termin, czasPobytu, kosztPobytu, statusRezerwacjiID)
values (204, 204, '2022/10/01', 5, 125, 2);
insert into Rezerwacja (id, zwierzeID, termin, czasPobytu, kosztPobytu, statusRezerwacjiID)
values (205, 205, '2022/07/19', 5, 125, 2);
insert into Rezerwacja (id, zwierzeID, termin, czasPobytu, kosztPobytu, statusRezerwacjiID)
values (206, 206, '2022/09/11', 4, 100, 2);
insert into Rezerwacja (id, zwierzeID, termin, czasPobytu, kosztPobytu, statusRezerwacjiID)
values (207, 207, '2022/03/12', 2, 50, 2);
insert into Rezerwacja (id, zwierzeID, termin, czasPobytu, kosztPobytu, statusRezerwacjiID)
values (208, 208, '2022/01/07', 1, 25, 2);
insert into Rezerwacja (id, zwierzeID, termin, czasPobytu, kosztPobytu, statusRezerwacjiID)
values (209, 209, '2022/06/29', 3, 75, 2);
insert into Rezerwacja (id, zwierzeID, termin, czasPobytu, kosztPobytu, statusRezerwacjiID)
values (210, 210, '2022/08/06', 3, 75, 2);
insert into Rezerwacja (id, zwierzeID, termin, czasPobytu, kosztPobytu, statusRezerwacjiID)
values (211, 211, '2022/05/11', 2, 50, 2);
insert into Rezerwacja (id, zwierzeID, termin, czasPobytu, kosztPobytu, statusRezerwacjiID)
values (212, 212, '2022/03/27', 4, 100, 2);
insert into Rezerwacja (id, zwierzeID, termin, czasPobytu, kosztPobytu, statusRezerwacjiID)
values (213, 213, '2022/06/14', 2, 50, 2);
insert into Rezerwacja (id, zwierzeID, termin, czasPobytu, kosztPobytu, statusRezerwacjiID)
values (214, 214, '2022/09/12', 4, 100, 2);
insert into Rezerwacja (id, zwierzeID, termin, czasPobytu, kosztPobytu, statusRezerwacjiID)
values (215, 215, '2022/09/15', 2, 50, 2);
insert into Rezerwacja (id, zwierzeID, termin, czasPobytu, kosztPobytu, statusRezerwacjiID)
values (216, 216, '2022/05/29', 1, 25, 2);
insert into Rezerwacja (id, zwierzeID, termin, czasPobytu, kosztPobytu, statusRezerwacjiID)
values (217, 217, '2021/11/06', 2, 50, 2);
insert into Rezerwacja (id, zwierzeID, termin, czasPobytu, kosztPobytu, statusRezerwacjiID)
values (218, 218, '2022/03/27', 2, 50, 2);
insert into Rezerwacja (id, zwierzeID, termin, czasPobytu, kosztPobytu, statusRezerwacjiID)
values (219, 219, '2022/10/19', 5, 125, 2);
insert into Rezerwacja (id, zwierzeID, termin, czasPobytu, kosztPobytu, statusRezerwacjiID)
values (220, 220, '2022/04/30', 1, 25, 2);
insert into Rezerwacja (id, zwierzeID, termin, czasPobytu, kosztPobytu, statusRezerwacjiID)
values (221, 221, '2021/10/26', 5, 125, 2);
insert into Rezerwacja (id, zwierzeID, termin, czasPobytu, kosztPobytu, statusRezerwacjiID)
values (222, 222, '2021/12/19', 3, 75, 2);
insert into Rezerwacja (id, zwierzeID, termin, czasPobytu, kosztPobytu, statusRezerwacjiID)
values (223, 223, '2021/10/22', 4, 100, 2);
insert into Rezerwacja (id, zwierzeID, termin, czasPobytu, kosztPobytu, statusRezerwacjiID)
values (224, 224, '2021/10/04', 3, 75, 2);
insert into Rezerwacja (id, zwierzeID, termin, czasPobytu, kosztPobytu, statusRezerwacjiID)
values (225, 225, '2022/05/17', 3, 75, 3);
insert into Rezerwacja (id, zwierzeID, termin, czasPobytu, kosztPobytu, statusRezerwacjiID)
values (226, 226, '2021/12/14', 4, 100, 2);
insert into Rezerwacja (id, zwierzeID, termin, czasPobytu, kosztPobytu, statusRezerwacjiID)
values (227, 227, '2022/02/02', 4, 100, 2);
insert into Rezerwacja (id, zwierzeID, termin, czasPobytu, kosztPobytu, statusRezerwacjiID)
values (228, 228, '2022/08/19', 3, 75, 2);
insert into Rezerwacja (id, zwierzeID, termin, czasPobytu, kosztPobytu, statusRezerwacjiID)
values (229, 229, '2022/04/08', 3, 75, 2);
insert into Rezerwacja (id, zwierzeID, termin, czasPobytu, kosztPobytu, statusRezerwacjiID)
values (230, 230, '2022/02/15', 4, 100, 2);
insert into Rezerwacja (id, zwierzeID, termin, czasPobytu, kosztPobytu, statusRezerwacjiID)
values (231, 231, '2021/10/25', 5, 125, 2);
insert into Rezerwacja (id, zwierzeID, termin, czasPobytu, kosztPobytu, statusRezerwacjiID)
values (232, 232, '2022/06/11', 1, 25, 2);
insert into Rezerwacja (id, zwierzeID, termin, czasPobytu, kosztPobytu, statusRezerwacjiID)
values (233, 233, '2021/10/13', 5, 125, 2);
insert into Rezerwacja (id, zwierzeID, termin, czasPobytu, kosztPobytu, statusRezerwacjiID)
values (234, 234, '2022/07/20', 4, 100, 2);
insert into Rezerwacja (id, zwierzeID, termin, czasPobytu, kosztPobytu, statusRezerwacjiID)
values (235, 235, '2021/12/08', 3, 75, 2);
insert into Rezerwacja (id, zwierzeID, termin, czasPobytu, kosztPobytu, statusRezerwacjiID)
values (236, 236, '2021/12/25', 4, 100, 2);
insert into Rezerwacja (id, zwierzeID, termin, czasPobytu, kosztPobytu, statusRezerwacjiID)
values (237, 237, '2021/10/07', 4, 100, 2);
insert into Rezerwacja (id, zwierzeID, termin, czasPobytu, kosztPobytu, statusRezerwacjiID)
values (238, 238, '2022/10/02', 1, 25, 2);
insert into Rezerwacja (id, zwierzeID, termin, czasPobytu, kosztPobytu, statusRezerwacjiID)
values (239, 239, '2021/12/18', 5, 125, 2);
insert into Rezerwacja (id, zwierzeID, termin, czasPobytu, kosztPobytu, statusRezerwacjiID)
values (240, 240, '2021/10/06', 1, 70, 2);
insert into Rezerwacja (id, zwierzeID, termin, czasPobytu, kosztPobytu, statusRezerwacjiID)
values (241, 241, '2022/09/15', 3, 120, 2);
insert into Rezerwacja (id, zwierzeID, termin, czasPobytu, kosztPobytu, statusRezerwacjiID)
values (242, 242, '2022/09/04', 5, 170, 2);
insert into Rezerwacja (id, zwierzeID, termin, czasPobytu, kosztPobytu, statusRezerwacjiID)
values (243, 243, '2021/11/07', 4, 145, 2);
insert into Rezerwacja (id, zwierzeID, termin, czasPobytu, kosztPobytu, statusRezerwacjiID)
values (244, 244, '2021/09/07', 2, 95, 2);
insert into Rezerwacja (id, zwierzeID, termin, czasPobytu, kosztPobytu, statusRezerwacjiID)
values (245, 245, '2022/04/14', 4, 145, 2);
insert into Rezerwacja (id, zwierzeID, termin, czasPobytu, kosztPobytu, statusRezerwacjiID)
values (246, 246, '2022/02/16', 4, 145, 2);
insert into Rezerwacja (id, zwierzeID, termin, czasPobytu, kosztPobytu, statusRezerwacjiID)
values (247, 247, '2021/12/27', 5, 170, 2);
insert into Rezerwacja (id, zwierzeID, termin, czasPobytu, kosztPobytu, statusRezerwacjiID)
values (248, 248, '2021/12/27', 1, 70, 2);
insert into Rezerwacja (id, zwierzeID, termin, czasPobytu, kosztPobytu, statusRezerwacjiID)
values (249, 249, '2022/08/30', 5, 170, 2);


insert into Rezerwacja (id, zwierzeID, termin, czasPobytu, kosztPobytu, statusRezerwacjiID)
values (250, 250, '2021/09/19', 3, 90, 2);
insert into Rezerwacja (id, zwierzeID, termin, czasPobytu, kosztPobytu, statusRezerwacjiID)
values (251, 251, '2022/08/24', 5, 130, 2);
insert into Rezerwacja (id, zwierzeID, termin, czasPobytu, kosztPobytu, statusRezerwacjiID)
values (252, 252, '2021/12/20', 2, 70, 2);
insert into Rezerwacja (id, zwierzeID, termin, czasPobytu, kosztPobytu, statusRezerwacjiID)
values (253, 253, '2021/09/20', 3, 90, 3);
insert into Rezerwacja (id, zwierzeID, termin, czasPobytu, kosztPobytu, statusRezerwacjiID)
values (254, 254, '2022/01/01', 1, 50, 2);
insert into Rezerwacja (id, zwierzeID, termin, czasPobytu, kosztPobytu, statusRezerwacjiID)
values (255, 255, '2021/12/24', 5, 130, 2);
insert into Rezerwacja (id, zwierzeID, termin, czasPobytu, kosztPobytu, statusRezerwacjiID)
values (256, 256, '2022/09/02', 2, 70, 2);
insert into Rezerwacja (id, zwierzeID, termin, czasPobytu, kosztPobytu, statusRezerwacjiID)
values (257, 257, '2021/11/10', 1, 50, 2);
insert into Rezerwacja (id, zwierzeID, termin, czasPobytu, kosztPobytu, statusRezerwacjiID)
values (258, 258, '2022/08/21', 2, 70, 2);
insert into Rezerwacja (id, zwierzeID, termin, czasPobytu, kosztPobytu, statusRezerwacjiID)
values (259, 259, '2022/07/31', 3, 90, 2);
insert into Rezerwacja (id, zwierzeID, termin, czasPobytu, kosztPobytu, statusRezerwacjiID)
values (260, 260, '2022/07/11', 1, 50, 2);
insert into Rezerwacja (id, zwierzeID, termin, czasPobytu, kosztPobytu, statusRezerwacjiID)
values (261, 261, '2022/05/17', 3, 60, 2);
insert into Rezerwacja (id, zwierzeID, termin, czasPobytu, kosztPobytu, statusRezerwacjiID)
values (262, 262, '2022/05/06', 5, 100, 2);
insert into Rezerwacja (id, zwierzeID, termin, czasPobytu, kosztPobytu, statusRezerwacjiID)
values (263, 263, '2022/06/17', 2, 40, 2);
insert into Rezerwacja (id, zwierzeID, termin, czasPobytu, kosztPobytu, statusRezerwacjiID)
values (264, 264, '2022/06/27', 1, 20, 2);
insert into Rezerwacja (id, zwierzeID, termin, czasPobytu, kosztPobytu, statusRezerwacjiID)
values (265, 265, '2022/03/10', 4, 80, 2);
insert into Rezerwacja (id, zwierzeID, termin, czasPobytu, kosztPobytu, statusRezerwacjiID)
values (266, 266, '2022/03/02', 4, 80, 2);
insert into Rezerwacja (id, zwierzeID, termin, czasPobytu, kosztPobytu, statusRezerwacjiID)
values (267, 267, '2021/10/26', 2, 40, 2);
insert into Rezerwacja (id, zwierzeID, termin, czasPobytu, kosztPobytu, statusRezerwacjiID)
values (268, 268, '2022/01/29', 4, 80, 2);
insert into Rezerwacja (id, zwierzeID, termin, czasPobytu, kosztPobytu, statusRezerwacjiID)
values (269, 269, '2021/12/21', 1, 20, 2);
insert into Rezerwacja (id, zwierzeID, termin, czasPobytu, kosztPobytu, statusRezerwacjiID)
values (270, 270, '2021/09/09', 5, 100, 2);
insert into Rezerwacja (id, zwierzeID, termin, czasPobytu, kosztPobytu, statusRezerwacjiID)
values (271, 271, '2022/04/30', 4, 80, 2);
insert into Rezerwacja (id, zwierzeID, termin, czasPobytu, kosztPobytu, statusRezerwacjiID)
values (272, 272, '2022/08/14', 4, 80, 2);
insert into Rezerwacja (id, zwierzeID, termin, czasPobytu, kosztPobytu, statusRezerwacjiID)
values (273, 273, '2022/10/07', 1, 20, 2);
insert into Rezerwacja (id, zwierzeID, termin, czasPobytu, kosztPobytu, statusRezerwacjiID)
values (274, 274, '2022/05/04', 2, 40, 2);
insert into Rezerwacja (id, zwierzeID, termin, czasPobytu, kosztPobytu, statusRezerwacjiID)
values (275, 275, '2021/10/30', 4, 80, 2);
insert into Rezerwacja (id, zwierzeID, termin, czasPobytu, kosztPobytu, statusRezerwacjiID)
values (276, 276, '2021/12/13', 4, 80, 2);
insert into Rezerwacja (id, zwierzeID, termin, czasPobytu, kosztPobytu, statusRezerwacjiID)
values (277, 277, '2022/07/01', 4, 80, 2);
insert into Rezerwacja (id, zwierzeID, termin, czasPobytu, kosztPobytu, statusRezerwacjiID)
values (278, 278, '2022/08/17', 5, 100, 2);
insert into Rezerwacja (id, zwierzeID, termin, czasPobytu, kosztPobytu, statusRezerwacjiID)
values (279, 279, '2022/06/05', 1, 20, 2);
insert into Rezerwacja (id, zwierzeID, termin, czasPobytu, kosztPobytu, statusRezerwacjiID)
values (280, 280, '2022/03/08', 2, 40, 2);
insert into Rezerwacja (id, zwierzeID, termin, czasPobytu, kosztPobytu, statusRezerwacjiID)
values (281, 281, '2021/09/17', 2, 40, 2);
insert into Rezerwacja (id, zwierzeID, termin, czasPobytu, kosztPobytu, statusRezerwacjiID)
values (282, 282, '2022/02/25', 2, 40, 3);
insert into Rezerwacja (id, zwierzeID, termin, czasPobytu, kosztPobytu, statusRezerwacjiID)
values (283, 283, '2022/09/14', 5, 100, 2);
insert into Rezerwacja (id, zwierzeID, termin, czasPobytu, kosztPobytu, statusRezerwacjiID)
values (284, 284, '2022/04/07', 5, 100, 2);
insert into Rezerwacja (id, zwierzeID, termin, czasPobytu, kosztPobytu, statusRezerwacjiID)
values (285, 285, '2022/08/19', 3, 60, 2);
insert into Rezerwacja (id, zwierzeID, termin, czasPobytu, kosztPobytu, statusRezerwacjiID)
values (287, 287, '2022/10/10', 2, 40, 2);
insert into Rezerwacja (id, zwierzeID, termin, czasPobytu, kosztPobytu, statusRezerwacjiID)
values (288, 288, '2022/04/11', 3, 60, 2);
insert into Rezerwacja (id, zwierzeID, termin, czasPobytu, kosztPobytu, statusRezerwacjiID)
values (289, 289, '2022/05/29', 1, 20, 2);
insert into Rezerwacja (id, zwierzeID, termin, czasPobytu, kosztPobytu, statusRezerwacjiID)
values (290, 290, '2021/11/18', 5, 100, 2);
insert into Rezerwacja (id, zwierzeID, termin, czasPobytu, kosztPobytu, statusRezerwacjiID)
values (291, 291, '2022/04/16', 3, 60, 2);
insert into Rezerwacja (id, zwierzeID, termin, czasPobytu, kosztPobytu, statusRezerwacjiID)
values (292, 292, '2021/12/26', 5, 100, 2);
insert into Rezerwacja (id, zwierzeID, termin, czasPobytu, kosztPobytu, statusRezerwacjiID)
values (293, 293, '2022/04/13', 1, 20, 2);
insert into Rezerwacja (id, zwierzeID, termin, czasPobytu, kosztPobytu, statusRezerwacjiID)
values (294, 294, '2021/09/05', 5, 100, 2);
insert into Rezerwacja (id, zwierzeID, termin, czasPobytu, kosztPobytu, statusRezerwacjiID)
values (295, 295, '2022/04/11', 1, 20, 2);
insert into Rezerwacja (id, zwierzeID, termin, czasPobytu, kosztPobytu, statusRezerwacjiID)
values (296, 296, '2022/05/26', 2, 40, 2);
insert into Rezerwacja (id, zwierzeID, termin, czasPobytu, kosztPobytu, statusRezerwacjiID)
values (297, 297, '2021/09/21', 4, 80, 2);
insert into Rezerwacja (id, zwierzeID, termin, czasPobytu, kosztPobytu, statusRezerwacjiID)
values (298, 298, '2021/10/03', 3, 60, 2);
insert into Rezerwacja (id, zwierzeID, termin, czasPobytu, kosztPobytu, statusRezerwacjiID)
values (299, 299, '2022/03/31', 1, 20, 2);
insert into Rezerwacja (id, zwierzeID, termin, czasPobytu, kosztPobytu, statusRezerwacjiID)
values (300, 300, '2022/09/09', 3, 60, 2);


insert into ZamowionaUsluga (id, rezerwacjaID, dodatkowaUslugaID)
values (1, 1, 1);
insert into ZamowionaUsluga (id, rezerwacjaID, dodatkowaUslugaID)
values (2, 2, 1);
insert into ZamowionaUsluga (id, rezerwacjaID, dodatkowaUslugaID)
values (3, 3, 1);
insert into ZamowionaUsluga (id, rezerwacjaID, dodatkowaUslugaID)
values (4, 4, 1);
insert into ZamowionaUsluga (id, rezerwacjaID, dodatkowaUslugaID)
values (5, 5, 1);
insert into ZamowionaUsluga (id, rezerwacjaID, dodatkowaUslugaID)
values (6, 20, 1);
insert into ZamowionaUsluga (id, rezerwacjaID, dodatkowaUslugaID)
values (7, 21, 1);
insert into ZamowionaUsluga (id, rezerwacjaID, dodatkowaUslugaID)
values (8, 22, 1);
insert into ZamowionaUsluga (id, rezerwacjaID, dodatkowaUslugaID)
values (9, 23, 1);
insert into ZamowionaUsluga (id, rezerwacjaID, dodatkowaUslugaID)
values (10, 24, 1);
insert into ZamowionaUsluga (id, rezerwacjaID, dodatkowaUslugaID)
values (11, 25, 1);
insert into ZamowionaUsluga (id, rezerwacjaID, dodatkowaUslugaID)
values (12, 26, 1);
insert into ZamowionaUsluga (id, rezerwacjaID, dodatkowaUslugaID)
values (13, 27, 1);
insert into ZamowionaUsluga (id, rezerwacjaID, dodatkowaUslugaID)
values (14, 28, 1);
insert into ZamowionaUsluga (id, rezerwacjaID, dodatkowaUslugaID)
values (15, 29, 1);
insert into ZamowionaUsluga (id, rezerwacjaID, dodatkowaUslugaID)
values (16, 30, 1);
insert into ZamowionaUsluga (id, rezerwacjaID, dodatkowaUslugaID)
values (17, 36, 1);
insert into ZamowionaUsluga (id, rezerwacjaID, dodatkowaUslugaID)
values (18, 37, 1);
insert into ZamowionaUsluga (id, rezerwacjaID, dodatkowaUslugaID)
values (19, 38, 1);
insert into ZamowionaUsluga (id, rezerwacjaID, dodatkowaUslugaID)
values (20, 39, 1);
insert into ZamowionaUsluga (id, rezerwacjaID, dodatkowaUslugaID)
values (21, 40, 1);
insert into ZamowionaUsluga (id, rezerwacjaID, dodatkowaUslugaID)
values (22, 41, 1);
insert into ZamowionaUsluga (id, rezerwacjaID, dodatkowaUslugaID)
values (23, 42, 1);
insert into ZamowionaUsluga (id, rezerwacjaID, dodatkowaUslugaID)
values (24, 43, 1);
insert into ZamowionaUsluga (id, rezerwacjaID, dodatkowaUslugaID)
values (25, 44, 1);


insert into ZamowionaUsluga (id, rezerwacjaID, dodatkowaUslugaID)
values (26, 50, 2);
insert into ZamowionaUsluga (id, rezerwacjaID, dodatkowaUslugaID)
values (27, 51, 2);
insert into ZamowionaUsluga (id, rezerwacjaID, dodatkowaUslugaID)
values (28, 52, 2);
insert into ZamowionaUsluga (id, rezerwacjaID, dodatkowaUslugaID)
values (29, 53, 2);
insert into ZamowionaUsluga (id, rezerwacjaID, dodatkowaUslugaID)
values (30, 54, 2);
insert into ZamowionaUsluga (id, rezerwacjaID, dodatkowaUslugaID)
values (31, 55, 2);
insert into ZamowionaUsluga (id, rezerwacjaID, dodatkowaUslugaID)
values (32, 66, 2);
insert into ZamowionaUsluga (id, rezerwacjaID, dodatkowaUslugaID)
values (33, 67, 2);
insert into ZamowionaUsluga (id, rezerwacjaID, dodatkowaUslugaID)
values (34, 68, 2);
insert into ZamowionaUsluga (id, rezerwacjaID, dodatkowaUslugaID)
values (35, 69, 2);
insert into ZamowionaUsluga (id, rezerwacjaID, dodatkowaUslugaID)
values (36, 70, 2);
insert into ZamowionaUsluga (id, rezerwacjaID, dodatkowaUslugaID)
values (37, 71, 2);
insert into ZamowionaUsluga (id, rezerwacjaID, dodatkowaUslugaID)
values (38, 72, 2);
insert into ZamowionaUsluga (id, rezerwacjaID, dodatkowaUslugaID)
values (39, 73, 2);
insert into ZamowionaUsluga (id, rezerwacjaID, dodatkowaUslugaID)
values (40, 74, 2);
insert into ZamowionaUsluga (id, rezerwacjaID, dodatkowaUslugaID)
values (41, 75, 2);
insert into ZamowionaUsluga (id, rezerwacjaID, dodatkowaUslugaID)
values (42, 85, 2);
insert into ZamowionaUsluga (id, rezerwacjaID, dodatkowaUslugaID)
values (43, 86, 2);
insert into ZamowionaUsluga (id, rezerwacjaID, dodatkowaUslugaID)
values (44, 87, 2);
insert into ZamowionaUsluga (id, rezerwacjaID, dodatkowaUslugaID)
values (45, 88, 2);
insert into ZamowionaUsluga (id, rezerwacjaID, dodatkowaUslugaID)
values (46, 89, 2);
insert into ZamowionaUsluga (id, rezerwacjaID, dodatkowaUslugaID)
values (47, 90, 2);
insert into ZamowionaUsluga (id, rezerwacjaID, dodatkowaUslugaID)
values (48, 91, 2);
insert into ZamowionaUsluga (id, rezerwacjaID, dodatkowaUslugaID)
values (49, 92, 2);
insert into ZamowionaUsluga (id, rezerwacjaID, dodatkowaUslugaID)
values (50, 93, 2);


insert into ZamowionaUsluga (id, rezerwacjaID, dodatkowaUslugaID)
values (51, 120, 3);
insert into ZamowionaUsluga (id, rezerwacjaID, dodatkowaUslugaID)
values (52, 121, 3);
insert into ZamowionaUsluga (id, rezerwacjaID, dodatkowaUslugaID)
values (53, 122, 3);
insert into ZamowionaUsluga (id, rezerwacjaID, dodatkowaUslugaID)
values (54, 123, 3);
insert into ZamowionaUsluga (id, rezerwacjaID, dodatkowaUslugaID)
values (55, 124, 3);
insert into ZamowionaUsluga (id, rezerwacjaID, dodatkowaUslugaID)
values (56, 125, 3);
insert into ZamowionaUsluga (id, rezerwacjaID, dodatkowaUslugaID)
values (57, 126, 3);
insert into ZamowionaUsluga (id, rezerwacjaID, dodatkowaUslugaID)
values (58, 127, 3);
insert into ZamowionaUsluga (id, rezerwacjaID, dodatkowaUslugaID)
values (59, 128, 3);
insert into ZamowionaUsluga (id, rezerwacjaID, dodatkowaUslugaID)
values (60, 129, 3);


insert into ZamowionaUsluga (id, rezerwacjaID, dodatkowaUslugaID)
values (61, 150, 4);
insert into ZamowionaUsluga (id, rezerwacjaID, dodatkowaUslugaID)
values (62, 151, 4);
insert into ZamowionaUsluga (id, rezerwacjaID, dodatkowaUslugaID)
values (63, 152, 4);
insert into ZamowionaUsluga (id, rezerwacjaID, dodatkowaUslugaID)
values (64, 153, 4);
insert into ZamowionaUsluga (id, rezerwacjaID, dodatkowaUslugaID)
values (65, 154, 4);
insert into ZamowionaUsluga (id, rezerwacjaID, dodatkowaUslugaID)
values (66, 155, 4);
insert into ZamowionaUsluga (id, rezerwacjaID, dodatkowaUslugaID)
values (67, 156, 4);
insert into ZamowionaUsluga (id, rezerwacjaID, dodatkowaUslugaID)
values (68, 157, 4);
insert into ZamowionaUsluga (id, rezerwacjaID, dodatkowaUslugaID)
values (69, 158, 4);
insert into ZamowionaUsluga (id, rezerwacjaID, dodatkowaUslugaID)
values (70, 159, 4);
insert into ZamowionaUsluga (id, rezerwacjaID, dodatkowaUslugaID)
values (71, 160, 4);


insert into ZamowionaUsluga (id, rezerwacjaID, dodatkowaUslugaID)
values (72, 240, 4);
insert into ZamowionaUsluga (id, rezerwacjaID, dodatkowaUslugaID)
values (73, 241, 4);
insert into ZamowionaUsluga (id, rezerwacjaID, dodatkowaUslugaID)
values (74, 242, 4);
insert into ZamowionaUsluga (id, rezerwacjaID, dodatkowaUslugaID)
values (75, 243, 4);
insert into ZamowionaUsluga (id, rezerwacjaID, dodatkowaUslugaID)
values (76, 244, 4);
insert into ZamowionaUsluga (id, rezerwacjaID, dodatkowaUslugaID)
values (77, 245, 4);
insert into ZamowionaUsluga (id, rezerwacjaID, dodatkowaUslugaID)
values (78, 246, 4);
insert into ZamowionaUsluga (id, rezerwacjaID, dodatkowaUslugaID)
values (79, 247, 4);
insert into ZamowionaUsluga (id, rezerwacjaID, dodatkowaUslugaID)
values (80, 248, 4);
insert into ZamowionaUsluga (id, rezerwacjaID, dodatkowaUslugaID)
values (81, 249, 4);

insert into ZamowionaUsluga (id, rezerwacjaID, dodatkowaUslugaID)
values (82, 250, 2);
insert into ZamowionaUsluga (id, rezerwacjaID, dodatkowaUslugaID)
values (83, 251, 2);
insert into ZamowionaUsluga (id, rezerwacjaID, dodatkowaUslugaID)
values (84, 252, 2);
insert into ZamowionaUsluga (id, rezerwacjaID, dodatkowaUslugaID)
values (85, 253, 2);
insert into ZamowionaUsluga (id, rezerwacjaID, dodatkowaUslugaID)
values (86, 254, 2);
insert into ZamowionaUsluga (id, rezerwacjaID, dodatkowaUslugaID)
values (87, 255, 2);
insert into ZamowionaUsluga (id, rezerwacjaID, dodatkowaUslugaID)
values (88, 256, 2);
insert into ZamowionaUsluga (id, rezerwacjaID, dodatkowaUslugaID)
values (89, 257, 2);
insert into ZamowionaUsluga (id, rezerwacjaID, dodatkowaUslugaID)
values (90, 258, 2);
insert into ZamowionaUsluga (id, rezerwacjaID, dodatkowaUslugaID)
values (91, 259, 2);
insert into ZamowionaUsluga (id, rezerwacjaID, dodatkowaUslugaID)
values (92, 260, 2);


insert into Wplata (id, RezerwacjaID, numerKonta, imie, nazwisko, kwota)
values (1, 1, '17686917295361845979515101', 'Nerissa', 'Lidgertwood', 185);
insert into Wplata (id, RezerwacjaID, numerKonta, imie, nazwisko, kwota)
values (2, 2, '51510198434696082401515101', 'Reece', 'Adnam', 185);
insert into Wplata (id, RezerwacjaID, numerKonta, imie, nazwisko, kwota)
values (3, 3, '89236337703440414067515101', 'Hilde', 'Whitchurch', 85);
insert into Wplata (id, RezerwacjaID, numerKonta, imie, nazwisko, kwota)
values (4, 4, '99452731992121402409515101', 'Lonee', 'Caplen', 285);
insert into Wplata (id, RezerwacjaID, numerKonta, imie, nazwisko, kwota)
values (5, 5, '86873054513369302948515101', 'Phillipp', 'Langworthy', 85);
insert into Wplata (id, RezerwacjaID, numerKonta, imie, nazwisko, kwota)
values (6, 6, '29097147985668662255515101', 'Bran', 'Fingleton', 150);
insert into Wplata (id, RezerwacjaID, numerKonta, imie, nazwisko, kwota)
values (7, 7, '52114984116664731095515101', 'Margery', 'Meriet', 50);
insert into Wplata (id, RezerwacjaID, numerKonta, imie, nazwisko, kwota)
values (8, 8, '15677271039683948962515101', 'Glen', 'Tulip', 150);
insert into Wplata (id, RezerwacjaID, numerKonta, imie, nazwisko, kwota)
values (9, 9, '13094521275224798731515101', 'Gib', 'Twycross', 50);
insert into Wplata (id, RezerwacjaID, numerKonta, imie, nazwisko, kwota)
values (10, 10, '81428829866555153549515101', 'Humfried', 'Fawks', 200);
insert into Wplata (id, RezerwacjaID, numerKonta, imie, nazwisko, kwota)
values (11, 11, '36390718791491723077515101', 'Dorris', 'Ingledow', 150);
insert into Wplata (id, RezerwacjaID, numerKonta, imie, nazwisko, kwota)
values (12, 12, '67182810659667044954515101', 'Clementius', 'Gillibrand', 150);
insert into Wplata (id, RezerwacjaID, numerKonta, imie, nazwisko, kwota)
values (13, 13, '96056436380929789666515101', 'Courtney', 'Rolin', 200);
insert into Wplata (id, RezerwacjaID, numerKonta, imie, nazwisko, kwota)
values (14, 14, '96083800877230805861515101', 'Drucy', 'Capaldo', 50);
insert into Wplata (id, RezerwacjaID, numerKonta, imie, nazwisko, kwota)
values (15, 15, '57785496435608472029515101', 'Dunstan', 'Trickett', 50);
insert into Wplata (id, RezerwacjaID, numerKonta, imie, nazwisko, kwota)
values (16, 16, '43097832739944559418515101', 'Sheila-kathryn', 'Santacrole', 200);
insert into Wplata (id, RezerwacjaID, numerKonta, imie, nazwisko, kwota)
values (17, 17, '81947694155400824692430978', 'Murielle', 'Stump', 200);
insert into Wplata (id, RezerwacjaID, numerKonta, imie, nazwisko, kwota)
values (18, 18, '58013742915799620788430978', 'Vito', 'Croix', 50);
insert into Wplata (id, RezerwacjaID, numerKonta, imie, nazwisko, kwota)
values (19, 19, '45163174875740688310430978', 'Margi', 'McArthur', 150);
insert into Wplata (id, RezerwacjaID, numerKonta, imie, nazwisko, kwota)
values (20, 20, '48598528736320222582430978', 'Lonnard', 'Ritchley', 135);
insert into Wplata (id, RezerwacjaID, numerKonta, imie, nazwisko, kwota)
values (21, 21, '14152208029517949102430978', 'Fidelia', 'Atyea', 85);
insert into Wplata (id, RezerwacjaID, numerKonta, imie, nazwisko, kwota)
values (22, 22, '98016049034670275008430978', 'Moss', 'Pashen', 85);
insert into Wplata (id, RezerwacjaID, numerKonta, imie, nazwisko, kwota)
values (23, 23, '22967107919686461519430978', 'Nobie', 'Barzen', 85);
insert into Wplata (id, RezerwacjaID, numerKonta, imie, nazwisko, kwota)
values (24, 24, '64476767227887655002644767', 'Emmi', 'Moyes', 85);
insert into Wplata (id, RezerwacjaID, numerKonta, imie, nazwisko, kwota)
values (25, 25, '74914409286248625796644767', 'Ethelda', 'Matysiak', 235);
insert into Wplata (id, RezerwacjaID, numerKonta, imie, nazwisko, kwota)
values (26, 26, '26101446985153570604644767', 'Lew', 'Cavee', 185);
insert into Wplata (id, RezerwacjaID, numerKonta, imie, nazwisko, kwota)
values (27, 27, '87593194368168722943644767', 'Iggie', 'Glazebrook', 185);
insert into Wplata (id, RezerwacjaID, numerKonta, imie, nazwisko, kwota)
values (28, 28, '42235795664013988611644767', 'Leon', 'MacTeague', 185);
insert into Wplata (id, RezerwacjaID, numerKonta, imie, nazwisko, kwota)
values (29, 29, '49001293902038716224430978', 'Enrico', 'Kovalski', 185);
insert into Wplata (id, RezerwacjaID, numerKonta, imie, nazwisko, kwota)
values (30, 30, '91942253293443319661644767', 'Skip', 'Colthard', 235);
insert into Wplata (id, RezerwacjaID, numerKonta, imie, nazwisko, kwota)
values (31, 31, '97247445935070600007644767', 'Bentley', 'Gunthorpe', 200);
insert into Wplata (id, RezerwacjaID, numerKonta, imie, nazwisko, kwota)
values (32, 32, '59158255885055956854430978', 'Conn', 'Turney', 50);
insert into Wplata (id, RezerwacjaID, numerKonta, imie, nazwisko, kwota)
values (33, 33, '13190997711490974849644767', 'Eldredge', 'Lias', 50);
insert into Wplata (id, RezerwacjaID, numerKonta, imie, nazwisko, kwota)
values (34, 34, '49232653771268362574430978', 'Konstantin', 'Picheford', 200);
insert into Wplata (id, RezerwacjaID, numerKonta, imie, nazwisko, kwota)
values (35, 35, '68192762113726670273644767', 'Addison', 'Bealing', 50);
insert into Wplata (id, RezerwacjaID, numerKonta, imie, nazwisko, kwota)
values (36, 36, '48106870695862068535430978', 'Viva', 'Macbane', 185);
insert into Wplata (id, RezerwacjaID, numerKonta, imie, nazwisko, kwota)
values (37, 37, '17146955030131408741644767', 'Tiphanie', 'Glozman', 185);
insert into Wplata (id, RezerwacjaID, numerKonta, imie, nazwisko, kwota)
values (38, 38, '82376957396327783073944904', 'Ermina', 'Saggs', 85);
insert into Wplata (id, RezerwacjaID, numerKonta, imie, nazwisko, kwota)
values (39, 39, '70207928063674085904558690', 'Martie', 'Coldbreath', 185);
insert into Wplata (id, RezerwacjaID, numerKonta, imie, nazwisko, kwota)
values (40, 40, '69979044157462362615558690', 'Shae', 'Pasfield', 235);
insert into Wplata (id, RezerwacjaID, numerKonta, imie, nazwisko, kwota)
values (41, 41, '94490448372502385758558690', 'Angel', 'Feedham', 185);
insert into Wplata (id, RezerwacjaID, numerKonta, imie, nazwisko, kwota)
values (42, 42, '41530065990157463536558690', 'Lorettalorna', 'Miners', 185);
insert into Wplata (id, RezerwacjaID, numerKonta, imie, nazwisko, kwota)
values (43, 43, '63842766316857375409944904', 'Nichole', 'Giovannoni', 185);
insert into Wplata (id, RezerwacjaID, numerKonta, imie, nazwisko, kwota)
values (44, 44, '60251571737745566384943369', 'Julissa', 'Mabbitt', 85);
insert into Wplata (id, RezerwacjaID, numerKonta, imie, nazwisko, kwota)
values (45, 45, '94336956564061833959943369', 'Marcello', 'Barthot', 200);
insert into Wplata (id, RezerwacjaID, numerKonta, imie, nazwisko, kwota)
values (46, 46, '19973023605654940688558690', 'Prudi', 'Farge', 100);
insert into Wplata (id, RezerwacjaID, numerKonta, imie, nazwisko, kwota)
values (47, 47, '47925128731338473965943369', 'Hazel', 'Douthwaite', 150);
insert into Wplata (id, RezerwacjaID, numerKonta, imie, nazwisko, kwota)
values (48, 48, '54970549598723809394944904', 'Peirce', 'Baston', 50);
insert into Wplata (id, RezerwacjaID, numerKonta, imie, nazwisko, kwota)
values (49, 49, '55869086878178408761943369', 'Sacha', 'Bompass', 100);
insert into Wplata (id, RezerwacjaID, numerKonta, imie, nazwisko, kwota)
values (50, 50, '69604649792758539029943369', 'Evangelia', 'Hemphrey', 90);
insert into Wplata (id, RezerwacjaID, numerKonta, imie, nazwisko, kwota)
values (51, 51, '26312381744408157961558690', 'Gavrielle', 'Caulier', 120);
insert into Wplata (id, RezerwacjaID, numerKonta, imie, nazwisko, kwota)
values (52, 52, '58215015051564533271943369', 'Phyllis', 'Bangiard', 180);
insert into Wplata (id, RezerwacjaID, numerKonta, imie, nazwisko, kwota)
values (53, 53, '41467017059637624285944904', 'Susanna', 'Mingaud', 120);
insert into Wplata (id, RezerwacjaID, numerKonta, imie, nazwisko, kwota)
values (54, 54, '33761078038130890853943369', 'Jessalyn', 'Castagneri', 90);
insert into Wplata (id, RezerwacjaID, numerKonta, imie, nazwisko, kwota)
values (55, 55, '35569610284979157124943369', 'Broderick', 'Rayworth', 60);
insert into Wplata (id, RezerwacjaID, numerKonta, imie, nazwisko, kwota)
values (56, 56, '32086301420511131095943369', 'Farly', 'Wychard', 90);
insert into Wplata (id, RezerwacjaID, numerKonta, imie, nazwisko, kwota)
values (57, 57, '71312392500569841707944904', 'Joshuah', 'Mellonby', 90);
insert into Wplata (id, RezerwacjaID, numerKonta, imie, nazwisko, kwota)
values (58, 58, '68594434905635429078943369', 'Emmeline', 'Gilchriest', 30);
insert into Wplata (id, RezerwacjaID, numerKonta, imie, nazwisko, kwota)
values (59, 59, '65787595973320624236558690', 'Shay', 'Aleevy', 120);
insert into Wplata (id, RezerwacjaID, numerKonta, imie, nazwisko, kwota)
values (60, 60, '14275044087193990057943369', 'Jermayne', 'Roke', 30);
insert into Wplata (id, RezerwacjaID, numerKonta, imie, nazwisko, kwota)
values (61, 61, '52078833713286497518944904', 'Burnaby', 'Heibel', 90);
insert into Wplata (id, RezerwacjaID, numerKonta, imie, nazwisko, kwota)
values (62, 62, '57075160068619741513943369', 'Waverley', 'Kilgrove', 30);
insert into Wplata (id, RezerwacjaID, numerKonta, imie, nazwisko, kwota)
values (63, 63, '60143795594221901297558690', 'Olenka', 'Henrion', 60);
insert into Wplata (id, RezerwacjaID, numerKonta, imie, nazwisko, kwota)
values (64, 64, '31757221653561379495944904', 'Torre', 'Berka', 150);
insert into Wplata (id, RezerwacjaID, numerKonta, imie, nazwisko, kwota)
values (65, 65, '35478376636851571783943369', 'Freddy', 'Aymes', 60);
insert into Wplata (id, RezerwacjaID, numerKonta, imie, nazwisko, kwota)
values (66, 66, '33803523720130130060944904', 'Philbert', 'D''Ambrosi', 60);
insert into Wplata (id, RezerwacjaID, numerKonta, imie, nazwisko, kwota)
values (67, 67, '18398586680347086367943369', 'Spense', 'Hugli', 120);
insert into Wplata (id, RezerwacjaID, numerKonta, imie, nazwisko, kwota)
values (68, 68, '29704816947333943744558690', 'Dora', 'Fridaye', 180);
insert into Wplata (id, RezerwacjaID, numerKonta, imie, nazwisko, kwota)
values (69, 69, '42632520559107990641944904', 'Clayborn', 'Poltun', 180);
insert into Wplata (id, RezerwacjaID, numerKonta, imie, nazwisko, kwota)
values (70, 70, '83474077748610041025943369', 'Helsa', 'Cottis', 180);
insert into Wplata (id, RezerwacjaID, numerKonta, imie, nazwisko, kwota)
values (71, 71, '51246170725482291367184514', 'Yasmeen', 'Hinkens', 60);
insert into Wplata (id, RezerwacjaID, numerKonta, imie, nazwisko, kwota)
values (72, 72, '16280239047887139858184514', 'Sawyer', 'Karlik', 150);
insert into Wplata (id, RezerwacjaID, numerKonta, imie, nazwisko, kwota)
values (73, 73, '18751984442842168684184514', 'Junina', 'Boissier', 120);
insert into Wplata (id, RezerwacjaID, numerKonta, imie, nazwisko, kwota)
values (74, 74, '82775559902576284404184514', 'Carly', 'McSherry', 180);
insert into Wplata (id, RezerwacjaID, numerKonta, imie, nazwisko, kwota)
values (75, 75, '96590999806767587582512461', 'Marta', 'Dinsey', 120);
insert into Wplata (id, RezerwacjaID, numerKonta, imie, nazwisko, kwota)
values (76, 76, '62675961425638182417943369', 'Claire', 'Truluck', 120);
insert into Wplata (id, RezerwacjaID, numerKonta, imie, nazwisko, kwota)
values (77, 77, '12650695095927624344184514', 'Lacee', 'McLagan', 60);
insert into Wplata (id, RezerwacjaID, numerKonta, imie, nazwisko, kwota)
values (78, 78, '33830794043404164444184514', 'Ryan', 'Rosengren', 30);
insert into Wplata (id, RezerwacjaID, numerKonta, imie, nazwisko, kwota)
values (79, 79, '49645027443255306795184514', 'Carita', 'Lidell', 90);
insert into Wplata (id, RezerwacjaID, numerKonta, imie, nazwisko, kwota)
values (80, 80, '97898488992045818560512461', 'Netti', 'Sissens', 30);
insert into Wplata (id, RezerwacjaID, numerKonta, imie, nazwisko, kwota)
values (81, 81, '18451464237580284913065880', 'Stanislaw', 'Ahren', 90);
insert into Wplata (id, RezerwacjaID, numerKonta, imie, nazwisko, kwota)
values (82, 82, '18451413674829187679196007', 'Noel', 'Digman', 30);
insert into Wplata (id, RezerwacjaID, numerKonta, imie, nazwisko, kwota)
values (83, 83, '28431535742454705310512461', 'Callida', 'Bowne', 150);
insert into Wplata (id, RezerwacjaID, numerKonta, imie, nazwisko, kwota)
values (84, 84, '62632483123136315968943369', 'Butch', 'Hue', 30);
insert into Wplata (id, RezerwacjaID, numerKonta, imie, nazwisko, kwota)
values (85, 85, '18451476739589620625111860', 'Robinett', 'De Giovanni', 90);
insert into Wplata (id, RezerwacjaID, numerKonta, imie, nazwisko, kwota)
values (86, 86, '18451485061414605130705909', 'Celestine', 'Bernardin', 180);
insert into Wplata (id, RezerwacjaID, numerKonta, imie, nazwisko, kwota)
values (87, 87, '18451452687409936482839839', 'Jemima', 'Cammis', 180);
insert into Wplata (id, RezerwacjaID, numerKonta, imie, nazwisko, kwota)
values (88, 88, '40822430724907926464512461', 'Yasmin', 'Joubert', 60);
insert into Wplata (id, RezerwacjaID, numerKonta, imie, nazwisko, kwota)
values (89, 89, '27159015653001495290943369', 'Jolynn', 'Latehouse', 90);
insert into Wplata (id, RezerwacjaID, numerKonta, imie, nazwisko, kwota)
values (90, 90, '18451418451457738692959916', 'Ros', 'Guinness', 180);
insert into Wplata (id, RezerwacjaID, numerKonta, imie, nazwisko, kwota)
values (91, 91, '34085182983538766915512461', 'Trevor', 'Daintrey', 180);
insert into Wplata (id, RezerwacjaID, numerKonta, imie, nazwisko, kwota)
values (92, 92, '18451425302181127084037417', 'Wynn', 'Savine', 180);
insert into Wplata (id, RezerwacjaID, numerKonta, imie, nazwisko, kwota)
values (93, 93, '18451461344255204572877297', 'Caryl', 'Sams', 60);
insert into Wplata (id, RezerwacjaID, numerKonta, imie, nazwisko, kwota)
values (94, 94, '78892093020266338985943369', 'Westleigh', 'Rainbow', 120);
insert into Wplata (id, RezerwacjaID, numerKonta, imie, nazwisko, kwota)
values (95, 95, '18451470730252709401083067', 'Carolin', 'Machent', 120);
insert into Wplata (id, RezerwacjaID, numerKonta, imie, nazwisko, kwota)
values (96, 96, '65757800658443524417512461', 'Lula', 'Munford', 60);
insert into Wplata (id, RezerwacjaID, numerKonta, imie, nazwisko, kwota)
values (97, 97, '18451427843764551895258271', 'Tiffanie', 'Simoncelli', 120);
insert into Wplata (id, RezerwacjaID, numerKonta, imie, nazwisko, kwota)
values (98, 98, '70193014617425894310943369', 'Verile', 'Dainty', 150);
insert into Wplata (id, RezerwacjaID, numerKonta, imie, nazwisko, kwota)
values (99, 99, '30918487455904537528512461', 'Sigismund', 'Habbergham', 30);
insert into Wplata (id, RezerwacjaID, numerKonta, imie, nazwisko, kwota)
values (100, 100, '18451425173527105239409761', 'Alli', 'Wethers', 125);
insert into Wplata (id, RezerwacjaID, numerKonta, imie, nazwisko, kwota)
values (101, 101, '56688253390158490697943369', 'Joann', 'Barbosa', 75);
insert into Wplata (id, RezerwacjaID, numerKonta, imie, nazwisko, kwota)
values (102, 102, '77231737452858797820943369', 'Bryn', 'Grogan', 50);
insert into Wplata (id, RezerwacjaID, numerKonta, imie, nazwisko, kwota)
values (103, 103, '18451464842706089050634999', 'Jonah', 'Huertas', 100);
insert into Wplata (id, RezerwacjaID, numerKonta, imie, nazwisko, kwota)
values (104, 104, '11322613424611322624572390', 'Giselle', 'Sloyan', 50);
insert into Wplata (id, RezerwacjaID, numerKonta, imie, nazwisko, kwota)
values (105, 105, '11132263290878183168795559', 'Ricca', 'Glander', 100);
insert into Wplata (id, RezerwacjaID, numerKonta, imie, nazwisko, kwota)
values (106, 106, '11322661240921606168309545', 'Hank', 'Cammomile', 125);
insert into Wplata (id, RezerwacjaID, numerKonta, imie, nazwisko, kwota)
values (107, 107, '31132269248168550372803807', 'Tore', 'Nuccii', 75);
insert into Wplata (id, RezerwacjaID, numerKonta, imie, nazwisko, kwota)
values (108, 108, '91113226988726739421577654', 'Cristina', 'Bleackley', 50);
insert into Wplata (id, RezerwacjaID, numerKonta, imie, nazwisko, kwota)
values (110, 110, '18451486364698600921162119', 'Dugald', 'Maultby', 25);
insert into Wplata (id, RezerwacjaID, numerKonta, imie, nazwisko, kwota)
values (111, 111, '51018793473113226091298422', 'Thomas', 'Goaley', 100);
insert into Wplata (id, RezerwacjaID, numerKonta, imie, nazwisko, kwota)
values (112, 112, '15272725661132268230838507', 'Roselle', 'Simondson', 75);
insert into Wplata (id, RezerwacjaID, numerKonta, imie, nazwisko, kwota)
values (113, 113, '18451426346494656190172862', 'Cassondra', 'Grcic', 50);
insert into Wplata (id, RezerwacjaID, numerKonta, imie, nazwisko, kwota)
values (114, 114, '27559045611322639539030731', 'Shandeigh', 'Vanichev', 100);
insert into Wplata (id, RezerwacjaID, numerKonta, imie, nazwisko, kwota)
values (115, 115, '18451413189742505627639297', 'Benedetta', 'Wincer', 100);
insert into Wplata (id, RezerwacjaID, numerKonta, imie, nazwisko, kwota)
values (116, 116, '27896924391111322619340406', 'Tiebold', 'Worms', 75);
insert into Wplata (id, RezerwacjaID, numerKonta, imie, nazwisko, kwota)
values (117, 117, '18451450299592126825112225', 'Cchaddie', 'McCloch', 75);
insert into Wplata (id, RezerwacjaID, numerKonta, imie, nazwisko, kwota)
values (118, 118, '77064612841132264889872419', 'Marianna', 'Pensom', 25);
insert into Wplata (id, RezerwacjaID, numerKonta, imie, nazwisko, kwota)
values (119, 119, '68956094461132260268959794', 'Moyna', 'Bruun', 125);
insert into Wplata (id, RezerwacjaID, numerKonta, imie, nazwisko, kwota)
values (120, 120, '18451431757998399165687974', 'Rhetta', 'Gomersall', 90);
insert into Wplata (id, RezerwacjaID, numerKonta, imie, nazwisko, kwota)
values (121, 121, '55607122101132264613655469', 'Nikita', 'Hassur', 65);
insert into Wplata (id, RezerwacjaID, numerKonta, imie, nazwisko, kwota)
values (122, 122, '22791064251132268179589827', 'Isa', 'Blandamore', 65);
insert into Wplata (id, RezerwacjaID, numerKonta, imie, nazwisko, kwota)
values (123, 123, '18451468242524570099815050', 'Gregorio', 'Lung', 65);
insert into Wplata (id, RezerwacjaID, numerKonta, imie, nazwisko, kwota)
values (124, 124, '12367704951132264966003123', 'Malissia', 'Barhem', 165);
insert into Wplata (id, RezerwacjaID, numerKonta, imie, nazwisko, kwota)
values (125, 125, '18451435036590954078112982', 'Quintus', 'Fidell', 65);
insert into Wplata (id, RezerwacjaID, numerKonta, imie, nazwisko, kwota)
values (126, 126, '83830636711322603405344010', 'Otto', 'Abelson', 165);
insert into Wplata (id, RezerwacjaID, numerKonta, imie, nazwisko, kwota)
values (127, 127, '66727910113226821417475747', 'Gavrielle', 'Serrels', 90);
insert into Wplata (id, RezerwacjaID, numerKonta, imie, nazwisko, kwota)
values (128, 128, '18451471095050463600632243', 'Lynnet', 'Parrish', 165);
insert into Wplata (id, RezerwacjaID, numerKonta, imie, nazwisko, kwota)
values (129, 129, '33023488911322676952039668', 'Brew', 'MacCoughen', 140);
insert into Wplata (id, RezerwacjaID, numerKonta, imie, nazwisko, kwota)
values (130, 130, '18451415678754585093160851', 'Neall', 'Desmond', 75);
insert into Wplata (id, RezerwacjaID, numerKonta, imie, nazwisko, kwota)
values (131, 131, '18451494857920647800663454', 'Nananne', 'McGriffin', 50);
insert into Wplata (id, RezerwacjaID, numerKonta, imie, nazwisko, kwota)
values (132, 132, '54062127195113226834882966', 'Kim', 'Guyet', 75);
insert into Wplata (id, RezerwacjaID, numerKonta, imie, nazwisko, kwota)
values (133, 133, '88880889611322668264504046', 'Maynord', 'Goodwyn', 75);
insert into Wplata (id, RezerwacjaID, numerKonta, imie, nazwisko, kwota)
values (134, 134, '16383059113226399966414887', 'Cristiano', 'Fickling', 50);
insert into Wplata (id, RezerwacjaID, numerKonta, imie, nazwisko, kwota)
values (135, 135, '87921448511322677464352465', 'Vilma', 'Szwandt', 50);
insert into Wplata (id, RezerwacjaID, numerKonta, imie, nazwisko, kwota)
values (136, 136, '5358791602113226529217808', 'Lynsey', 'Kirmond', 100);
insert into Wplata (id, RezerwacjaID, numerKonta, imie, nazwisko, kwota)
values (137, 137, '21117305113226085218589881', 'Raynell', 'Bernaldez', 100);
insert into Wplata (id, RezerwacjaID, numerKonta, imie, nazwisko, kwota)
values (138, 138, '59244010811322632394130921', 'Olva', 'Richie', 125);
insert into Wplata (id, RezerwacjaID, numerKonta, imie, nazwisko, kwota)
values (139, 139, '93275441132266931679891958', 'Eda', 'Lantaff', 75);
insert into Wplata (id, RezerwacjaID, numerKonta, imie, nazwisko, kwota)
values (140, 140, '83599917813411322609267241', 'Amelie', 'Crombie', 100);
insert into Wplata (id, RezerwacjaID, numerKonta, imie, nazwisko, kwota)
values (141, 141, '64970479557113226700862500', 'Kerri', 'Pleaden', 50);
insert into Wplata (id, RezerwacjaID, numerKonta, imie, nazwisko, kwota)
values (142, 142, '17371466057113226462265272', 'Ulrich', 'Risdall', 75);
insert into Wplata (id, RezerwacjaID, numerKonta, imie, nazwisko, kwota)
values (143, 143, '87802081743113226177533814', 'Grayce', 'McQuaid', 50);
insert into Wplata (id, RezerwacjaID, numerKonta, imie, nazwisko, kwota)
values (144, 144, '70124704124113226912255633', 'Amii', 'Fennelow', 25);
insert into Wplata (id, RezerwacjaID, numerKonta, imie, nazwisko, kwota)
values (145, 145, '57674940196518113226573829', 'Bebe', 'Langthorne', 125);
insert into Wplata (id, RezerwacjaID, numerKonta, imie, nazwisko, kwota)
values (146, 146, '64868757723771132266809509', 'Gan', 'Arrigucci', 125);
insert into Wplata (id, RezerwacjaID, numerKonta, imie, nazwisko, kwota)
values (147, 147, '72358107877511322636610630', 'Rufe', 'Carmont', 125);
insert into Wplata (id, RezerwacjaID, numerKonta, imie, nazwisko, kwota)
values (148, 148, '43275921673211322641870459', 'Florry', 'Tonnesen', 100);
insert into Wplata (id, RezerwacjaID, numerKonta, imie, nazwisko, kwota)
values (149, 149, '96014338382211322648322902', 'Ferrel', 'Napoleon', 75);
insert into Wplata (id, RezerwacjaID, numerKonta, imie, nazwisko, kwota)
values (150, 150, '63023890962113226368589670', 'Laurella', 'Bealton', 65);
insert into Wplata (id, RezerwacjaID, numerKonta, imie, nazwisko, kwota)
values (151, 151, '48013299868113226920993606', 'Noach', 'Ingilson', 12);
insert into Wplata (id, RezerwacjaID, numerKonta, imie, nazwisko, kwota)
values (152, 152, '35592329891132264858143700', 'Sascha', 'Wessel', 105);
insert into Wplata (id, RezerwacjaID, numerKonta, imie, nazwisko, kwota)
values (153, 153, '41093574051132269337371161', 'Amalee', 'Coonan', 145);
insert into Wplata (id, RezerwacjaID, numerKonta, imie, nazwisko, kwota)
values (154, 154, '80847999501132262242387117', 'Port', 'Marton', 145);
insert into Wplata (id, RezerwacjaID, numerKonta, imie, nazwisko, kwota)
values (155, 155, '78151132265536050122939423', 'Anthea', 'Ashfull', 105);
insert into Wplata (id, RezerwacjaID, numerKonta, imie, nazwisko, kwota)
values (156, 156, '52291132260932576666701544', 'Ryley', 'Ferron', 145);
insert into Wplata (id, RezerwacjaID, numerKonta, imie, nazwisko, kwota)
values (157, 157, '42041132266045410779670489', 'Sterling', 'Shave', 145);
insert into Wplata (id, RezerwacjaID, numerKonta, imie, nazwisko, kwota)
values (158, 158, '72253113226713826939832359', 'Demetria', 'Giovanizio', 65);
insert into Wplata (id, RezerwacjaID, numerKonta, imie, nazwisko, kwota)
values (159, 159, '94945113226924706980290115', 'Cecile', 'Ketchell', 105);
insert into Wplata (id, RezerwacjaID, numerKonta, imie, nazwisko, kwota)
values (160, 160, '92979011322689983898682892', 'Terence', 'Klasen', 105);
insert into Wplata (id, RezerwacjaID, numerKonta, imie, nazwisko, kwota)
values (161, 161, '43196611322618261861375108', 'Rosalinda', 'Giacomelli', 100);
insert into Wplata (id, RezerwacjaID, numerKonta, imie, nazwisko, kwota)
values (162, 162, '77106311322689095836949136', 'Roxanna', 'Maharg', 20);
insert into Wplata (id, RezerwacjaID, numerKonta, imie, nazwisko, kwota)
values (163, 163, '74979113226803796330868862', 'Merrill', 'Rubinsztein', 100);
insert into Wplata (id, RezerwacjaID, numerKonta, imie, nazwisko, kwota)
values (164, 164, '48012241132264212245572794', 'Eliot', 'Joplin', 40);
insert into Wplata (id, RezerwacjaID, numerKonta, imie, nazwisko, kwota)
values (165, 165, '97052433113226880920601205', 'Alberik', 'Ingleston', 60);
insert into Wplata (id, RezerwacjaID, numerKonta, imie, nazwisko, kwota)
values (166, 166, '98298981132261993166815661', 'Margaux', 'Alldre', 20);
insert into Wplata (id, RezerwacjaID, numerKonta, imie, nazwisko, kwota)
values (167, 167, '24999441441132266706524979', 'Tuck', 'Paler', 100);
insert into Wplata (id, RezerwacjaID, numerKonta, imie, nazwisko, kwota)
values (168, 168, '62778326211322631801968959', 'Shelia', 'Dimitru', 100);
insert into Wplata (id, RezerwacjaID, numerKonta, imie, nazwisko, kwota)
values (169, 169, '95570341211322670010226084', 'Boyce', 'Guile', 40);
insert into Wplata (id, RezerwacjaID, numerKonta, imie, nazwisko, kwota)
values (170, 170, '83917445911132262093266981', 'Jennica', 'Skirlin', 60);
insert into Wplata (id, RezerwacjaID, numerKonta, imie, nazwisko, kwota)
values (171, 171, '91695424311132267204150113', 'Brook', 'Crosdill', 80);
insert into Wplata (id, RezerwacjaID, numerKonta, imie, nazwisko, kwota)
values (172, 172, '57321534081132262315519279', 'Nichol', 'Lang', 60);
insert into Wplata (id, RezerwacjaID, numerKonta, imie, nazwisko, kwota)
values (173, 173, '55790388614113226258497978', 'Doy', 'Drable', 100);
insert into Wplata (id, RezerwacjaID, numerKonta, imie, nazwisko, kwota)
values (174, 174, '60109115831132263674842898', 'Eadith', 'Blowers', 100);
insert into Wplata (id, RezerwacjaID, numerKonta, imie, nazwisko, kwota)
values (175, 175, '58143011322604057123283771', 'Hadleigh', 'Paute', 60);
insert into Wplata (id, RezerwacjaID, numerKonta, imie, nazwisko, kwota)
values (176, 176, '17376211322617984981786617', 'Estella', 'Craister', 60);
insert into Wplata (id, RezerwacjaID, numerKonta, imie, nazwisko, kwota)
values (177, 177, '52653111322666396002719318', 'Amara', 'Aloigi', 100);
insert into Wplata (id, RezerwacjaID, numerKonta, imie, nazwisko, kwota)
values (178, 178, '35649121132266619027981272', 'Temp', 'Banks', 40);
insert into Wplata (id, RezerwacjaID, numerKonta, imie, nazwisko, kwota)
values (179, 179, '35958011132262433607975489', 'Oberon', 'Goody', 40);
insert into Wplata (id, RezerwacjaID, numerKonta, imie, nazwisko, kwota)
values (180, 180, '37814911132261853144999727', 'Pearla', 'Jeratt', 40);
insert into Wplata (id, RezerwacjaID, numerKonta, imie, nazwisko, kwota)
values (181, 181, '50206401132269816048367006', 'Merrielle', 'Durning', 60);
insert into Wplata (id, RezerwacjaID, numerKonta, imie, nazwisko, kwota)
values (182, 182, '30431280889113226250260717', 'Ingemar', 'Celez', 100);
insert into Wplata (id, RezerwacjaID, numerKonta, imie, nazwisko, kwota)
values (183, 183, '94836783881113226625931163', 'Whitney', 'Ende', 40);
insert into Wplata (id, RezerwacjaID, numerKonta, imie, nazwisko, kwota)
values (184, 184, '27928838594211322661850648', 'Carla', 'Treweela', 20);
insert into Wplata (id, RezerwacjaID, numerKonta, imie, nazwisko, kwota)
values (185, 185, '76585911322645876624258371', 'Adair', 'Kyme', 40);
insert into Wplata (id, RezerwacjaID, numerKonta, imie, nazwisko, kwota)
values (186, 186, '65211113226870061884633640', 'Rana', 'Wilber', 80);
insert into Wplata (id, RezerwacjaID, numerKonta, imie, nazwisko, kwota)
values (187, 187, '80671113226622406699757458', 'Lainey', 'Hegdonne', 80);
insert into Wplata (id, RezerwacjaID, numerKonta, imie, nazwisko, kwota)
values (188, 188, '45050111322615105300891438', 'Chrystel', 'Durand', 100);
insert into Wplata (id, RezerwacjaID, numerKonta, imie, nazwisko, kwota)
values (189, 189, '75540631132264750017447792', 'Ardella', 'Lefort', 40);
insert into Wplata (id, RezerwacjaID, numerKonta, imie, nazwisko, kwota)
values (190, 190, '97575911322634112681804892', 'Jaquith', 'Potter', 60);
insert into Wplata (id, RezerwacjaID, numerKonta, imie, nazwisko, kwota)
values (191, 191, '77491600619113226133552586', 'Gavan', 'Posnette', 20);
insert into Wplata (id, RezerwacjaID, numerKonta, imie, nazwisko, kwota)
values (192, 192, '65955089174113226337414146', 'Yance', 'Harring', 100);
insert into Wplata (id, RezerwacjaID, numerKonta, imie, nazwisko, kwota)
values (193, 193, '44212754160113226749239250', 'Garrett', 'Rammell', 100);
insert into Wplata (id, RezerwacjaID, numerKonta, imie, nazwisko, kwota)
values (194, 194, '31425746271132268147054855', 'Rafa', 'Cesco', 100);
insert into Wplata (id, RezerwacjaID, numerKonta, imie, nazwisko, kwota)
values (195, 195, '50941132268696015975618676', 'Rhys', 'Nieass', 40);
insert into Wplata (id, RezerwacjaID, numerKonta, imie, nazwisko, kwota)
values (196, 196, '73871132266222699756389986', 'Callida', 'Seabourne', 60);
insert into Wplata (id, RezerwacjaID, numerKonta, imie, nazwisko, kwota)
values (197, 197, '28667113226041355091957790', 'Maureene', 'Wingeatt', 60);
insert into Wplata (id, RezerwacjaID, numerKonta, imie, nazwisko, kwota)
values (198, 198, '97786113226217982887134855', 'Everard', 'Odd', 60);
insert into Wplata (id, RezerwacjaID, numerKonta, imie, nazwisko, kwota)
values (199, 199, '94911132262456247944751562', 'Georg', 'De-Ville', 80);
insert into Wplata (id, RezerwacjaID, numerKonta, imie, nazwisko, kwota)
values (200, 200, '57081132261326412642836654', 'Emera', 'Jehan', 75);
insert into Wplata (id, RezerwacjaID, numerKonta, imie, nazwisko, kwota)
values (201, 201, '48696113226988141077460246', 'Leone', 'Kovnot', 75);
insert into Wplata (id, RezerwacjaID, numerKonta, imie, nazwisko, kwota)
values (202, 202, '64273111322638506483914492', 'Ada', 'Codd', 25);
insert into Wplata (id, RezerwacjaID, numerKonta, imie, nazwisko, kwota)
values (203, 203, '38983113226409537695517459', 'Tristam', 'Birchner', 125);
insert into Wplata (id, RezerwacjaID, numerKonta, imie, nazwisko, kwota)
values (204, 204, '82831113226094864956017764', 'Christie', 'Skull', 125);
insert into Wplata (id, RezerwacjaID, numerKonta, imie, nazwisko, kwota)
values (205, 205, '23630011322698411304552259', 'Bradford', 'Schiementz', 125);
insert into Wplata (id, RezerwacjaID, numerKonta, imie, nazwisko, kwota)
values (206, 206, '88489711322620008458475021', 'Orel', 'McCunn', 100);
insert into Wplata (id, RezerwacjaID, numerKonta, imie, nazwisko, kwota)
values (207, 207, '93156411322610381429338365', 'Phaidra', 'Egarr', 50);
insert into Wplata (id, RezerwacjaID, numerKonta, imie, nazwisko, kwota)
values (208, 208, '40802841132268812972474048', 'Auroora', 'Goschalk', 25);
insert into Wplata (id, RezerwacjaID, numerKonta, imie, nazwisko, kwota)
values (209, 209, '90891071132267772925927710', 'Jere', 'Luckcuck', 75);
insert into Wplata (id, RezerwacjaID, numerKonta, imie, nazwisko, kwota)
values (210, 210, '46951541132265911767853181', 'Agnes', 'Ferrero', 75);
insert into Wplata (id, RezerwacjaID, numerKonta, imie, nazwisko, kwota)
values (211, 211, '62255501132265789959264465', 'Lamar', 'Ebbing', 50);
insert into Wplata (id, RezerwacjaID, numerKonta, imie, nazwisko, kwota)
values (212, 212, '76542011132261665391660293', 'Ogdon', 'Jenkinson', 100);
insert into Wplata (id, RezerwacjaID, numerKonta, imie, nazwisko, kwota)
values (213, 213, '17093961132262457290250255', 'Leland', 'Spittall', 50);
insert into Wplata (id, RezerwacjaID, numerKonta, imie, nazwisko, kwota)
values (214, 214, '92963101132262613634846774', 'Griffy', 'Connochie', 100);
insert into Wplata (id, RezerwacjaID, numerKonta, imie, nazwisko, kwota)
values (215, 215, '71305351132269886201991474', 'Hymie', 'Tunnick', 50);
insert into Wplata (id, RezerwacjaID, numerKonta, imie, nazwisko, kwota)
values (216, 216, '77757311322677230883758869', 'Dunn', 'Verduin', 25);
insert into Wplata (id, RezerwacjaID, numerKonta, imie, nazwisko, kwota)
values (217, 217, '56223911322622140151061308', 'Joellen', 'Ivakin', 50);
insert into Wplata (id, RezerwacjaID, numerKonta, imie, nazwisko, kwota)
values (218, 218, '79408411322662575942042259', 'Viole', 'Ludmann', 50);
insert into Wplata (id, RezerwacjaID, numerKonta, imie, nazwisko, kwota)
values (219, 219, '23530994497631132261310964', 'Rufe', 'Vaen', 125);
insert into Wplata (id, RezerwacjaID, numerKonta, imie, nazwisko, kwota)
values (220, 220, '89807156216811322644483253', 'Laurence', 'Leggott', 25);
insert into Wplata (id, RezerwacjaID, numerKonta, imie, nazwisko, kwota)
values (221, 221, '51017426311132265188648731', 'Mil', 'Bull', 125);
insert into Wplata (id, RezerwacjaID, numerKonta, imie, nazwisko, kwota)
values (222, 222, '71625418176673534480571871', 'Cletus', 'Regan', 75);
insert into Wplata (id, RezerwacjaID, numerKonta, imie, nazwisko, kwota)
values (223, 223, '61845825353448044807678679', 'Cristionna', 'Mallard', 100);
insert into Wplata (id, RezerwacjaID, numerKonta, imie, nazwisko, kwota)
values (224, 224, '94074435344807333689894775', 'Charlot', 'Meus', 75);
insert into Wplata (id, RezerwacjaID, numerKonta, imie, nazwisko, kwota)
values (225, 225, '91386315344800828372616087', 'Emelina', 'Blincowe', 75);
insert into Wplata (id, RezerwacjaID, numerKonta, imie, nazwisko, kwota)
values (226, 226, '74318105344800657369178368', 'Donavon', 'Mepham', 100);
insert into Wplata (id, RezerwacjaID, numerKonta, imie, nazwisko, kwota)
values (227, 227, '49417545344807379489929060', 'Suki', 'Hellwig', 100);
insert into Wplata (id, RezerwacjaID, numerKonta, imie, nazwisko, kwota)
values (228, 228, '93601675344800299232594945', 'Kendre', 'Frankiewicz', 75);
insert into Wplata (id, RezerwacjaID, numerKonta, imie, nazwisko, kwota)
values (229, 229, '72888275344800552044645082', 'Jarid', 'Isselee', 75);
insert into Wplata (id, RezerwacjaID, numerKonta, imie, nazwisko, kwota)
values (230, 230, '24170465344804402743353517', 'Rois', 'Leahey', 100);
insert into Wplata (id, RezerwacjaID, numerKonta, imie, nazwisko, kwota)
values (231, 231, '46027245344801139598508321', 'Wadsworth', 'Dudliston', 125);
insert into Wplata (id, RezerwacjaID, numerKonta, imie, nazwisko, kwota)
values (232, 232, '84231125344807007045304451', 'Evangelina', 'Oldridge', 25);
insert into Wplata (id, RezerwacjaID, numerKonta, imie, nazwisko, kwota)
values (233, 233, '83331302701992355344800346', 'Danna', 'Guillain', 125);
insert into Wplata (id, RezerwacjaID, numerKonta, imie, nazwisko, kwota)
values (234, 234, '26993376139707253448021110', 'Rosita', 'Wormell', 100);
insert into Wplata (id, RezerwacjaID, numerKonta, imie, nazwisko, kwota)
values (235, 235, '78280724834045344802908000', 'Dixie', 'Dollimore', 75);
insert into Wplata (id, RezerwacjaID, numerKonta, imie, nazwisko, kwota)
values (236, 236, '55208943485344803958680363', 'Haley', 'Plowright', 100);
insert into Wplata (id, RezerwacjaID, numerKonta, imie, nazwisko, kwota)
values (237, 237, '56792363953448050554637536', 'Kassia', 'Leneve', 100);
insert into Wplata (id, RezerwacjaID, numerKonta, imie, nazwisko, kwota)
values (238, 238, '76132985344802807742157203', 'Shela', 'Colbourne', 25);
insert into Wplata (id, RezerwacjaID, numerKonta, imie, nazwisko, kwota)
values (239, 239, '16264375344800520160685907', 'Elmo', 'Van den Bosch', 125);
insert into Wplata (id, RezerwacjaID, numerKonta, imie, nazwisko, kwota)
values (240, 240, '41868653448000677245063710', 'Lon', 'Reford', 70);
insert into Wplata (id, RezerwacjaID, numerKonta, imie, nazwisko, kwota)
values (241, 241, '71978953448003883199541580', 'Raynell', 'Jarret', 120);
insert into Wplata (id, RezerwacjaID, numerKonta, imie, nazwisko, kwota)
values (242, 242, '99231315344808457576733581', 'Hayden', 'Ponton', 170);
insert into Wplata (id, RezerwacjaID, numerKonta, imie, nazwisko, kwota)
values (243, 243, '69309653448064439475102455', 'Jefferey', 'Oldcroft', 145);
insert into Wplata (id, RezerwacjaID, numerKonta, imie, nazwisko, kwota)
values (244, 244, '43477053448034590449733966', 'Dee dee', 'Perrat', 95);
insert into Wplata (id, RezerwacjaID, numerKonta, imie, nazwisko, kwota)
values (245, 245, '34292534480340557670654096', 'Harman', 'Checcuzzi', 145);
insert into Wplata (id, RezerwacjaID, numerKonta, imie, nazwisko, kwota)
values (246, 246, '66092053448082286872357968', 'Lesley', 'Jeacop', 145);
insert into Wplata (id, RezerwacjaID, numerKonta, imie, nazwisko, kwota)
values (247, 247, '61216745875344803348012208', 'Aguistin', 'Genders', 170);
insert into Wplata (id, RezerwacjaID, numerKonta, imie, nazwisko, kwota)
values (248, 248, '23792582137353448025191852', 'Celisse', 'Knight', 70);
insert into Wplata (id, RezerwacjaID, numerKonta, imie, nazwisko, kwota)
values (249, 249, '21107022135344809495519096', 'Ewart', 'Coonihan', 170);
insert into Wplata (id, RezerwacjaID, numerKonta, imie, nazwisko, kwota)
values (250, 250, '71296534480934499237124713', 'Janessa', 'Vinter', 90);
insert into Wplata (id, RezerwacjaID, numerKonta, imie, nazwisko, kwota)
values (251, 251, '25552534480324213094383614', 'Thayne', 'McShane', 130);
insert into Wplata (id, RezerwacjaID, numerKonta, imie, nazwisko, kwota)
values (252, 252, '94478553448075101567656025', 'Valdemar', 'Ruppele', 70);
insert into Wplata (id, RezerwacjaID, numerKonta, imie, nazwisko, kwota)
values (253, 253, '41403020021453448086080938', 'Rosita', 'Binne', 90);
insert into Wplata (id, RezerwacjaID, numerKonta, imie, nazwisko, kwota)
values (254, 254, '82048940078534480169403107', 'Dennie', 'Bowld', 50);
insert into Wplata (id, RezerwacjaID, numerKonta, imie, nazwisko, kwota)
values (255, 255, '55560803953448039169635072', 'Rozalie', 'Liebmann', 130);
insert into Wplata (id, RezerwacjaID, numerKonta, imie, nazwisko, kwota)
values (256, 256, '52110605344806743405448580', 'Court', 'Braizier', 70);
insert into Wplata (id, RezerwacjaID, numerKonta, imie, nazwisko, kwota)
values (257, 257, '23026765344807161445906369', 'Dirk', 'Sitch', 50);
insert into Wplata (id, RezerwacjaID, numerKonta, imie, nazwisko, kwota)
values (258, 258, '86454953448095967844290860', 'Jarred', 'Detoc', 70);
insert into Wplata (id, RezerwacjaID, numerKonta, imie, nazwisko, kwota)
values (259, 259, '63961645344807564327368214', 'Jorie', 'Wathen', 90);
insert into Wplata (id, RezerwacjaID, numerKonta, imie, nazwisko, kwota)
values (260, 260, '45989253448093402598838322', 'Malorie', 'MacFadin', 50);
insert into Wplata (id, RezerwacjaID, numerKonta, imie, nazwisko, kwota)
values (261, 261, '76067879534480489428060844', 'Elita', 'Varley', 60);
insert into Wplata (id, RezerwacjaID, numerKonta, imie, nazwisko, kwota)
values (262, 262, '32000344972534480927266224', 'Horatia', 'Aldham', 100);
insert into Wplata (id, RezerwacjaID, numerKonta, imie, nazwisko, kwota)
values (263, 263, '70095058534480296871258873', 'Goddard', 'Heritege', 40);
insert into Wplata (id, RezerwacjaID, numerKonta, imie, nazwisko, kwota)
values (264, 264, '40356509534480893526811117', 'Anastassia', 'Ivashov', 20);
insert into Wplata (id, RezerwacjaID, numerKonta, imie, nazwisko, kwota)
values (265, 265, '31471344171753448019619346', 'Winfield', 'Mebs', 80);
insert into Wplata (id, RezerwacjaID, numerKonta, imie, nazwisko, kwota)
values (266, 266, '93918329114405344803248376', 'Delphinia', 'Chellam', 80);
insert into Wplata (id, RezerwacjaID, numerKonta, imie, nazwisko, kwota)
values (267, 267, '90967431082253448070941103', 'Sharla', 'Lechmere', 40);
insert into Wplata (id, RezerwacjaID, numerKonta, imie, nazwisko, kwota)
values (268, 268, '17150441368534480664356086', 'See', 'Baptiste', 80);
insert into Wplata (id, RezerwacjaID, numerKonta, imie, nazwisko, kwota)
values (269, 269, '25813336793534480825146552', 'Jayson', 'Vettore', 20);
insert into Wplata (id, RezerwacjaID, numerKonta, imie, nazwisko, kwota)
values (270, 270, '70849163601534480238432370', 'Aubrette', 'Cecchi', 100);
insert into Wplata (id, RezerwacjaID, numerKonta, imie, nazwisko, kwota)
values (271, 271, '96252703660534480522312950', 'Magdalena', 'McSkin', 80);
insert into Wplata (id, RezerwacjaID, numerKonta, imie, nazwisko, kwota)
values (272, 272, '40196274599045344804050410', 'Lynna', 'Tompkins', 80);
insert into Wplata (id, RezerwacjaID, numerKonta, imie, nazwisko, kwota)
values (273, 273, '57069821255295344802024248', 'Easter', 'Skipton', 20);
insert into Wplata (id, RezerwacjaID, numerKonta, imie, nazwisko, kwota)
values (274, 274, '40990231137215344802460490', 'Tuesday', 'Roeby', 40);
insert into Wplata (id, RezerwacjaID, numerKonta, imie, nazwisko, kwota)
values (275, 275, '42840012634208534480527972', 'Eldin', 'Craney', 80);
insert into Wplata (id, RezerwacjaID, numerKonta, imie, nazwisko, kwota)
values (276, 276, '32391546055677053448046802', 'Abigael', 'Scurrah', 80);
insert into Wplata (id, RezerwacjaID, numerKonta, imie, nazwisko, kwota)
values (277, 277, '63157315631339534480252826', 'Ariadne', 'Lintin', 80);
insert into Wplata (id, RezerwacjaID, numerKonta, imie, nazwisko, kwota)
values (278, 278, '86572319741529534480633280', 'Phylys', 'Stanbro', 100);
insert into Wplata (id, RezerwacjaID, numerKonta, imie, nazwisko, kwota)
values (279, 279, '71804376777752534480520807', 'Quintilla', 'Smitham', 20);
insert into Wplata (id, RezerwacjaID, numerKonta, imie, nazwisko, kwota)
values (280, 280, '85274164512955344806056078', 'Norbert', 'Maciunas', 40);
insert into Wplata (id, RezerwacjaID, numerKonta, imie, nazwisko, kwota)
values (281, 281, '13651923186045344808936559', 'Veronica', 'Denisevich', 40);
insert into Wplata (id, RezerwacjaID, numerKonta, imie, nazwisko, kwota)
values (282, 282, '85790425533853448013171167', 'Martyn', 'Filchagin', 40);
insert into Wplata (id, RezerwacjaID, numerKonta, imie, nazwisko, kwota)
values (283, 283, '68938306007185344806811757', 'Corrie', 'Flanaghan', 100);
insert into Wplata (id, RezerwacjaID, numerKonta, imie, nazwisko, kwota)
values (284, 284, '93379129481653448005784294', 'Agnesse', 'Hardisty', 100);
insert into Wplata (id, RezerwacjaID, numerKonta, imie, nazwisko, kwota)
values (285, 285, '83492021249525344800033574', 'Loraine', 'Hourihan', 60);
insert into Wplata (id, RezerwacjaID, numerKonta, imie, nazwisko, kwota)
values (287, 287, '93305774529905344805986704', 'Leela', 'De Andisie', 40);
insert into Wplata (id, RezerwacjaID, numerKonta, imie, nazwisko, kwota)
values (288, 288, '67747771126465344805519724', 'Nelson', 'Middlemist', 60);
insert into Wplata (id, RezerwacjaID, numerKonta, imie, nazwisko, kwota)
values (289, 289, '91218231043355344802631291', 'Alexandros', 'Davis', 20);
insert into Wplata (id, RezerwacjaID, numerKonta, imie, nazwisko, kwota)
values (290, 290, '57990179066969534480079221', 'Kristen', 'Guillon', 100);
insert into Wplata (id, RezerwacjaID, numerKonta, imie, nazwisko, kwota)
values (291, 291, '90396300663910853448086701', 'Robby', 'Yardy', 60);
insert into Wplata (id, RezerwacjaID, numerKonta, imie, nazwisko, kwota)
values (292, 292, '62883712856337534480843778', 'Alejandra', 'Grishkov', 100);
insert into Wplata (id, RezerwacjaID, numerKonta, imie, nazwisko, kwota)
values (293, 293, '22946400825353448041954766', 'Connor', 'Gratrex', 20);
insert into Wplata (id, RezerwacjaID, numerKonta, imie, nazwisko, kwota)
values (294, 294, '30940891906453448074300078', 'Gaston', 'McDowall', 100);
insert into Wplata (id, RezerwacjaID, numerKonta, imie, nazwisko, kwota)
values (295, 295, '24613192679534480799322739', 'Addy', 'Killingbeck', 20);
insert into Wplata (id, RezerwacjaID, numerKonta, imie, nazwisko, kwota)
values (296, 296, '62882854434534480276089969', 'Reine', 'Ulyet', 40);
insert into Wplata (id, RezerwacjaID, numerKonta, imie, nazwisko, kwota)
values (297, 297, '59480385431353448089104448', 'Joice', 'Dowthwaite', 80);
insert into Wplata (id, RezerwacjaID, numerKonta, imie, nazwisko, kwota)
values (298, 298, '99506451241075344803103739', 'Nadine', 'Rapinett', 60);
insert into Wplata (id, RezerwacjaID, numerKonta, imie, nazwisko, kwota)
values (299, 299, '47781163142538053448028449', 'Shelia', 'Jansik', 20);
insert into Wplata (id, RezerwacjaID, numerKonta, imie, nazwisko, kwota)
values (300, 300, '86201510644869353448019102', 'Ellene', 'McCosker', 60);
